Image,Title,Sales Rank: Current,Sales Rank: 30 days avg.,Sales Rank: 90 days avg.,Sales Rank: 365 days avg.,Sales Rank: Drops last 30 days,Reviews: Rating,Reviews: Rating Count,ASIN,Brand,Monthly Sales Trends: Monthly Sold (Last Known)
https://m.media-amazon.com/images/I/51Oyw7ZrF3L.jpg,"Audio Array AM-C1 USB Condenser Microphone Kit | for Podcasting, Online Meeting, Gaming, Singing & Live Streaming | Boom Arm, Pop Filter, Mic Cover, Spider Shock Mount, Tripod & 2.5M USB Cable",38,39,42,33,15,4.2,1616,B0B4DPX2J2,Audio Array,700
https://m.media-amazon.com/images/I/61nEGNSUemL.jpg,"Audio Array AM-C4 USB Plug & Play Condenser Microphone with Tripod, Pop-Filter & Shock Mount | for Conference, Gaming, Podcasting, Voice Over, YouTube, Skype, Zoom & Live Streaming on iOS,Windows",2072,2420,1820,1720,16,4.1,58,B0B4DS678Q,Audio Array,
https://m.media-amazon.com/images/I/61+ZkLbeh6L.jpg,"Audio Array AM-C7 USB 2 in 1 Plug & Play Condenser Microphone Kit with Boom Arm | 3.5 mm No Latency Monitoring, Volume Control & Mute Button| for Conference, Gaming, Podcasting & Live Streaming",2072,2480,1805,1122,17,4.0,34,B0B4FZS38V,Audio Array,
https://m.media-amazon.com/images/I/71+pK4QkBJL.jpg,Audio Array Mic | Podcast Mic XLR Condenser Microphone Kit with Boom Arm | Pop Filter | Shock Mount & 2M Cable | Cardioid Recording Microphone for Streaming | Podcasting & Home Studio | AM-C2,463,375,379,768,23,4.2,129,B0B4G19R58,Audio Array,50
https://m.media-amazon.com/images/I/51b-y67HxXL.jpg,"Audio Array AM-C11 XLR/USB Dynamic Podcast Microphone | Built-in Monitoring | One Touch Mute and Volume Control | Premium Metal Build | 2M XLR & USB Cable | Streaming, Gaming, Podcasting, Singing",3373,2248,1987,1289,22,4.3,251,B0B4G1HPL5,Audio Array,
https://m.media-amazon.com/images/I/41WC0-pojcL.jpg,"Audio Array AM-C6 USB Plug & Play Condenser Microphone Kit | with pop-Filter & Shock Mount | 3.5 mm No Latency Monitoring, Volume Control & Mute Button | Gaming, Podcasting & Streaming",2072,2545,1852,1133,15,4.0,55,B0B4G1PXWV,Audio Array,
https://m.media-amazon.com/images/I/4126zg6Jz4L.jpg,"Audio Array AM-W13 UHF Wireless Premium Metal Microphone | 4+ Hours Receiver Battery Backup | Range up to 60m | Karaoke Singing, Wedding, DJ | Compatible with PA System, Amplifier, Mixer, Party Box",5444,2877,2349,1396,18,3.7,48,B0B4G59Y8W,Audio Array,
https://m.media-amazon.com/images/I/41jm-Cth6wL.jpg,"Audio Array AM-W14 UHF Dual Wireless Premium Metal Microphone | 2X XLR Outs & 1/4"" Mix Out | Range up to 200ft/60m | Karaoke Singing, Wedding, DJ, Church | PA System, Amplifier, Mixer, Party Box",3199,1842,2060,1355,13,4.2,142,B0B4G5JG4P,Audio Array,
https://m.media-amazon.com/images/I/619HkZqEzKL.jpg,"Audio Array AM-W11 Wireless Mic | Upto 4hr Battery & 60m Range | Volume & Mute Buttons with Indicators | Streaming, Vlogging, YouTube | 1x Lapel mic, Type C Adapter for Plug & Play | 2 Year Warranty",5141,10994,6750,3836,1,3.7,39,B0B4G5ZLTB,Audio Array,
https://m.media-amazon.com/images/I/41CKJztDAHL.jpg,"Audio Array AM-W12 UHF Dual Wireless Premium Metal Microphones | 4+ Hours Receiver Battery Backup | Range up to 60m| Karaoke Singing, Wedding, DJ, Church | PA System, Amplifier, Mixer, Party Box, etc",1111,1699,1341,1110,26,4.2,107,B0B4G763WS,Audio Array,
https://m.media-amazon.com/images/I/41kfdz+oGSL.jpg,"Audio Array AA-04 Metal Spider Shock Mount for Condenser Microphone | Anti Vibration, Suspension, Isolation | 4 Size Bottom Screws & Extra Replacement Elastic Bands | Recommended For Rode, Samson, etc",736,1137,1385,1243,28,4.1,97,B0B4G7VWXD,Audio Array,
https://m.media-amazon.com/images/I/51-YXGkhovL.jpg,"Audio Array AM-W10 Professional Dual Wireless Lapel Mics | Upto 10hr Battery & 100m Range | 2X Lapel mics, Type C Adapter for Easy Plug&Play | Volume & Mute Function | Vlogging, Streaming, YouTube",9071,7638,4758,3206,18,3.7,73,B0B4G89VQJ,Audio Array,
https://m.media-amazon.com/images/I/61rlg1QNJvL.jpg,"Audio Array Suspension Boom Scissor Microphone Stand | Double Layer Mesh Pop Filter | 70cm Sturdy Boom Arm with 1.8kg Capacity | 5/8"" to 3/8"" Screw Adapter | Mic Holder, Foam Cover, Cable Ties | AA-01",300,190,362,288,16,4.1,539,B0B4G8PH2P,Audio Array,
https://m.media-amazon.com/images/I/61TT0bmiZqL.jpg,"Audio Array AM-C3 XLR to TRS Dynamic Handheld Karaoke Microphone | Premium Metal Built with 3M Cable | Singing, Public Meetings, Studio Recording, Live Show, Party, Church, Wedding",2118,2127,1285,747,20,4.0,235,B0B4G8ZB64,Audio Array,
https://m.media-amazon.com/images/I/61twRXGJcRL.jpg,"Audio Array AA-03 Double Layer Professional Pop Filter | Flexible 360° Free Angle Adjustable, Durable Windshield | Metal Gooseneck Stabilizing Arm Holder with 32cm Arm Length | Suitable for Recording.",,,,,0,4.1,99,B0B4G94VP3,Audio Array,
https://m.media-amazon.com/images/I/81hu7TyPG3L.jpg,"Audio Array AA-02 3-Panel Curved Isolation Shield with Insulation, Absorption & Reflection Filter | 3/8"" and 5/8"" Universal Mic Mount for Recording Studio, Podcasts, Singing & Broadcasting",1432,1318,1492,2510,26,4.2,122,B0B4JRQP22,Audio Array,
https://m.media-amazon.com/images/I/71upvIFITGL.jpg,Audio Array AM-C10 USB Plug & Play Conference Microphone with Speaker | Omni Directional Pickup Upto 4M | Speaker and Mic Mute Buttons | Volume Control & Mute Button | Ideal for Meeting & Video Call,1095,1605,7018,11109,20,4.0,119,B0B4K87PR4,Audio Array,
https://m.media-amazon.com/images/I/71lxybPORwL.jpg,"Audio Array AM-C5 USB Plug & Play Conference Mic for Mac OS & Windows | Conference, Recording, Skype, Online Class with Range Upto 5M | One Touch Mute Button & Light Indicator (NOT A Speaker)",941,1620,2101,4057,32,4.1,83,B0B4KC7VBM,Audio Array,
https://m.media-amazon.com/images/I/71EjDPe5msL.jpg,"Audio Array Boom Arm | Suspension Scissor Mic Arm Stand | Universal clamp with mic Holder & 3/8″ to 5/8″ Adapter for Shock mounts | Suitable for Stages, Studios, Broadcasting, TV Stations | AA-05",300,188,358,286,18,4.1,539,B0BLJVJ2GN,Audio Array,100
https://m.media-amazon.com/images/I/41EPNt-xqXL.jpg,"Audio Array AM-C18 Vlogging Kit 6 in 1 Combo | 3.5mm Shotgun Mic with shockmount & LED Light Tripod Stand for Smartphones & Camera | Upto 3Hrs Battery Life | for Vlogging, Live Streaming, YouTube",12784,12543,12393,9548,0,3.6,17,B0BLKB55BM,Audio Array,
https://m.media-amazon.com/images/I/418w1MVMhNL.jpg,"Audio Array AM-C27 XLR to TRS Cardioid Dynamic Handheld Microphone Sound for Live Events | Premium Built with 4.5M Cable | Singing, Public Meetings, Studio Recording, Live Sound, Party",10719,9287,9457,7016,1,3.7,32,B0BLKB6FRR,Audio Array,
https://m.media-amazon.com/images/I/614eAQdPCiL.jpg,"Audio Array AM-K1 Instrument Drum Microphone Kit | Stage Performance & Professional Studio Recording Quality | 1 Kick Drum Mic, 2 Tom Mics, 2 Overhead Condenser Mics with Standard Mounting Accessories",8882,6127,7153,7765,9,4.2,3,B0BLKBJ5HN,Audio Array,
https://m.media-amazon.com/images/I/61bhYwj4-xL.jpg,"Audio Array AM-C20 USB Microphone | Unique Tilt Stand & one Touch Mute | Plug n Play, No Latency Cardioid Pickup | for PC, Smartphones, iOS | Gaming, Streaming, Podcasts, Twitch, YouTube, Discord",7396,5653,5569,3668,7,3.8,32,B0BLKF46QG,Audio Array,
https://m.media-amazon.com/images/I/418GICDKc3L.jpg,"Audio Array AM-C25 Premium USB Condenser Microphone Kit with Boom Arm & Pop-Filter | No Latency Headphone Monitoring, Volume Control & Mute Button | Discord, Valorant, Gaming, Podcasting & Streaming",1491,2332,2597,2385,20,4.1,14,B0BLNCP74M,Audio Array,
https://m.media-amazon.com/images/I/51jjON-dHdL.jpg,Audio Array AM-C28 USB Plug & Play Conference Microphone | Omni Directional Pickup Upto 3M | Mic Mute Button | No Drivers Condenser USB Type-C | Ideal for Meetings & Video Calling (Not a Speaker),1093,3298,2732,3423,31,4.0,171,B0BPLWW72Y,Audio Array,50
https://m.media-amazon.com/images/I/51W18VdbcsL.jpg,Audio Array AI-04 HD 2x2 Gen 3 Audio Interface | Premium Mic Pre-Amps | 48V Phantom Power | 24bit/192kHz Hi-Fi Recording | XLR/MIC/LINE inputs | Plug & Play-No Drivers | 2 in 3 out | Metal Body | Red,84,79,93,85,11,4.0,983,B0BPLZ5CGV,Audio Array,400
https://m.media-amazon.com/images/I/41zvBzvC16L.jpg,"Audio Array AI-03 Professional Sound Card with Bluetooth | Podcast Production Setup with 4 mic input & 4 outputs | +48V phantom power, PC/Mac connectivity | 6-8hr Battery | Streaming, Singing & Gaming",1051,2218,2545,2808,23,4.0,98,B0BPM2T7BQ,Audio Array,
https://m.media-amazon.com/images/I/71o8okm5zPL.jpg,"Audio Array Microphone Boom Arm Stand, 70cm Adjustable Suspension Scissor Stand with Shock Mount, Pop Filter, Desk Clamp, 3/8"" to 5/8"" Adapter & 4 Cable Ties | AA-06",300,193,1663,1261,20,4.1,539,B0BQ7H7418,Audio Array,
https://m.media-amazon.com/images/I/41Wq535gk9L.jpg,Audio Array AM-W15 Dual Wireless Mic with Charging Case | Upto 16hr Battery Backup & 100m Range | Active Noise Cancellation | Informative LCD Screen | BIS & WPC Certified | 2 Yr Warranty,33039,32718,32068,23393,0,1.8,8,B0C4YSV3XL,Audio Array,
https://m.media-amazon.com/images/I/51fB4rSA9yL.jpg,"Audio Array AM-C31 USB Plug & Play Condenser Microphone Kit | Pop-Filter & Metallic Base | 3.5 mm No Latency Monitoring, Volume Control & Mute Button | for PC/Mobile, Gaming, Podcasting & Streaming",9990,12130,15442,10223,5,5.0,2,B0C4YT43Z3,Audio Array,
https://m.media-amazon.com/images/I/512zUWVrc8L.jpg,"Audio Array AM-C11X XLR Dynamic Microphone | Studio-quality Audio Output | Cardioid Polar Pattern | Premium Metal Build | 2 Meter XLR cable | for Streaming, Gaming, Podcasting, Singing | 2 Yr Warranty",2389,2205,1948,1568,26,3.8,37,B0CBC7QMNV,Audio Array,
https://m.media-amazon.com/images/I/51FMZaKgg7L.jpg,"Audio Array AM-C39 XLR to 3.5mm Condenser Microphone Kit | Tripod, 2M Cable & Foam Filter | Compatible with Audio Interface, Mixer | Recording, Podcast, Streaming, Home Studio (Black)",461,371,380,315,22,3.6,90,B0CBCB82MT,Audio Array,
https://m.media-amazon.com/images/I/51OZxLtdD2L.jpg,"Audio Array AM-C40 Large Diaphragm USB Condenser Microphone Kit | Boom Arm & Pop-Filter | 96kHz/24bit No Latency Headphone Monitoring with Mute & Volume Control Knob | Singing, Podcasting & Streaming",4592,5598,3956,2846,7,4.3,10,B0CBCB9S14,Audio Array,
https://m.media-amazon.com/images/I/61zGdCdbHiL.jpg,"Audio Array Mic Stand For Table | Steel & Aluminum High & Low Profile Boom Mic Arm Stand with Built-In Cable Management | 360° Rotation | 2Kg Load Capacity | Streaming, Podcasting & Studio Recording",401,525,653,678,26,4.4,91,B0CF5R3V95,Audio Array,50
https://m.media-amazon.com/images/I/61FD13gBRQL.jpg,"Audio Array AA-20 Microphone Arm Stand | 81cm Reach | Premium light weight & slick design | Flexible height & position adjustments | 1kg Weight Capacity | 5/8"" to 3/8"" Screw Adapter | Cable Ties",2701,3257,3437,1577,17,4.0,45,B0CF5RRTDJ,Audio Array,
https://m.media-amazon.com/images/I/51ckUrHzfpL.jpg,"Audio Array AA-22 Desktop Mount Speaker Stands | 15KG Capacity | Height, Tilt & Rotation Adjustable | Smart Cable Management | for Sound Editing, Gaming, Music Production | Red (Set of 2)",438,387,448,486,25,4.6,171,B0CF5SHL15,Audio Array,
https://m.media-amazon.com/images/I/51Z3hVcfSOL.jpg,"Audio Array AA-21 Speaker Stand Pair | 15KG Capacity | Height, Tilt & Rotation Adjustable | Steel Build | Smart Cable Management | Sound Editing, Music Production Speaker Stand for Desk | Black",321,382,439,487,24,4.6,171,B0CF5TCQKL,Audio Array,50
https://m.media-amazon.com/images/I/411ZLTntIYL.jpg,"Audio Array AM-C41 Plug & Play AI Noise Cancellation USB Condenser Microphone | Mute Button/Echo/Volume Knob | Kit with Tripod, Mic Cover | Gaming, Streaming, Podcast | Mac/PC/Laptop/Mobile",1465,2356,2569,2286,19,3.6,47,B0CH4PMR8K,Audio Array,
https://m.media-amazon.com/images/I/51nuItYC-RL.jpg,"Audio Array AM-C3a Unidirectional Dynamic Handheld Karaoke Microphone | 20Hz - 20kHz Response | Karaoke Singing, Public Meetings, Studio Recording, Live Sound, Party (no Cable Included)",4725,2143,1289,749,22,3.6,41,B0CH4R1V6S,Audio Array,
https://m.media-amazon.com/images/I/61isBCLr4JL.jpg,"Audio Array AM-C43 XLR to 3.5mm Professional Condenser Microphone Kit | Boom Arm, 2M Cable & Foam Filter | Compatible with Audio Interface, Mixer | Recording, Podcast, Streaming, Home Studio (Black)",461,367,380,311,21,4.0,140,B0CH4RNWJX,Audio Array,
https://m.media-amazon.com/images/I/61M7yV5dHoL.jpg,"Audio Array AI-06 Streaming Audio Mixer Sound Card | XLR, 1/4"" & line in | PC/Phone RGB Mixer with Volume Fader, Individual Control, Mute and Monitoring, 48V Phantom Power | Stream, Podcast & Karaoke",1239,1000,889,773,25,3.2,14,B0CH4RT4P8,Audio Array,
https://m.media-amazon.com/images/I/61LDKw26mJL.jpg,"Audio Array AM-C42 Plug & Play AI Noise Cancelling USB Condenser Microphone | Mute Button/Echo/Volume Knob | Kit with Boom Arm & Pop Filter | Karaoke, Gaming, Streaming, Podcast | Mac/PC/Mobile",1465,2348,2594,2306,17,3.5,76,B0CH4T2BJD,Audio Array,
https://m.media-amazon.com/images/I/51exn0S77GL.jpg,"Audio Array XLR Cable | 6.35mm Jack Male to XLR 3PIN Female Cord Wire | XLR Cable For Mic/Guitar | Black, 1pc Pack (6 Meter/19.6 Feet) | AC-6XL",262,312,424,334,25,4.0,166,B0CH4VCD6R,Audio Array,100
https://m.media-amazon.com/images/I/41Dw+X11azL.jpg,"Audio Array AA-25 Handheld Microphone Interview Adapter for Wireless Lapel Microphones | Supports, Rode Go, DJI, Hollyland mics etc | Foam Cover with Built-in Cold Shoe Mount",886,1797,2004,1540,17,4.0,89,B0CJR76Y7G,Audio Array,
https://m.media-amazon.com/images/I/61dXtGpXiHL.jpg,"Audio Array AM-W45 Wireless Conference Microphone with Speaker | Bluetooth, USB & 4 Mics | 360° Pickup Upto 4M | Noise Reduction & Enhanced Voice | Portable Speakerphone for Video Calls/Zoom Meeting",1095,1613,2362,4103,27,4.0,230,B0CKHVHVQ1,Audio Array,100
https://m.media-amazon.com/images/I/71+IsroeESL.jpg,"Audio Array Sound Card Audio Interface | AI-10 Audio Mixer with Bluetooth, 3 Condenser Mic Inputs, +48V Phantom Power, Voice Modes, Denoise & Built-In FX for Gaming, Karaoke & Live Streaming",363,278,314,254,23,3.8,204,B0CM6NTWBP,Audio Array,
https://m.media-amazon.com/images/I/61aXqEkECRL.jpg,"Audio Array AI-11 USB Bluetooth Soundcard, 1Ch Mixer, Audio Interface | 2 Condenser In, 2 Out |2 Live Out+1 Accompany In | OTG for mobile and PC/MAC | Effects | Streaming, Podcasting, Gaming, Singing",363,278,314,254,25,4.0,203,B0CM6NVLT9,Audio Array,50
https://m.media-amazon.com/images/I/61TfBw-1ixL.jpg,"Audio Array AI-12 USB Bluetooth Soundcard | 1Ch Mixer interface | 2 mic inputs, 2 smartphone & PC/Mac outputs | Karaoke Recording, Mobile/PC Streaming, Live Broadcasting | Singing, Recording,Gaming",1862,1026,895,775,31,3.7,181,B0CM6WH4ZT,Audio Array,
https://m.media-amazon.com/images/I/718tpQCKZzL.jpg,Audio Array Mike for Kids with Speaker | AM-W18 Karaoke mic with Speaker | Karoke Speaker with Bluetooth and Wireless Microphone for Adults | Bluetooth v5.3 | Voice Changer | SD Card & AUX | 8+ Hrs,905,735,649,383,29,4.2,271,B0CM9HYVDM,Audio Array,50
https://m.media-amazon.com/images/I/61F9SIVdcDL.jpg,"Audio Array AM-C44 XLR/USB Professional Dynamic Podcast Microphone | Built-in Monitoring | One Touch Mute & Volume Control | 192kHz/24bit Full Metal Build | 2M XLR & USB Cable | Streaming, Podcasting",1882,3840,2026,1055,16,3.6,76,B0CM9KJZWQ,Audio Array,
https://m.media-amazon.com/images/I/51ncNUElmiL.jpg,"Audio Array AM-W16 Solo Wireless Lapel Over Ear Mic|in-Built ANC,Plug N Play,LongBattery Life,Ultra-Low Latency,Upto 30M Range|Compatible with iPhone&Android|Vlogging,Streaming,Teaching,YouTube,Black",1223,1997,1800,1104,28,3.9,94,B0CM9L1QZG,Audio Array,
https://m.media-amazon.com/images/I/71V9YLEoYnL.jpg,"Audio Array AM-W17 Dual Wireless Lapel Mic|in-Built ANC, Plug N Play,Long Battery Life, Ultra-Low Latency,Upto 30M Range|Compatible with iPhone & Android|Vlogging, Streaming, Teaching,YouTube, Black",1223,1846,1756,1099,21,3.9,148,B0CM9P5CCK,Audio Array,
https://m.media-amazon.com/images/I/61lwf-silhL.jpg,Audio Array Groove Wireless Bluetooth 5.3 Bookshelf Speaker 30W | 5400mAh Upto 24h Long Battery | 3 EQ Modes | Stylish Premium Metal Body | Superior Bass Quality (AM-W46),176073,125314,232852,207325,4,3.8,20,B0CX1XK5R6,Audio Array,
https://m.media-amazon.com/images/I/618LIl0nQeL.jpg,"Audio Array AM-C45 XLR/USB Professional RGB Dynamic Podcast Microphone | Built-in Monitoring | One Touch Mute Volume & Noise-Cancellation | 2M USB Cable & Metal Base | Streaming, Podcasting, Singing",739,1037,1022,811,20,3.7,45,B0D3LZWTHV,Audio Array,
https://m.media-amazon.com/images/I/71YqT5uGIqL.jpg,"Audio Array Professional RGB USB Condenser Mic Kit | AI Noise-Cancellation, Mute, Monitoring & Volume Controls | 192kHz/24bit Studio Quality | Gaming, Streaming, Podcast | Mac/PC/Mobile | AM-C46",38,39,42,36,15,3.9,207,B0D3M1B4Z8,Audio Array,50
https://m.media-amazon.com/images/I/51l95-oFYzL.jpg,Audio Array AA-19BL RGB Low Profile Boomarm Stand with Riser | 71cm reach & 20 RGB lighting effects & Built-In Cable Management | Matte finish with Flexible adjustments | 2Kg Weight Capacity | Black,401,516,649,677,19,4.4,91,B0D3M86SH1,Audio Array,
https://m.media-amazon.com/images/I/517ju1TZlbL.jpg,Audio Array AA-19WL RGB Low Profile Boomarm Stand with Riser | 71cm reach & 20 RGB lighting effects & Built-In Cable Management | Matte finish with Flexible adjustments | 2Kg Weight Capacity | White,401,532,659,679,14,4.4,91,B0D3Q2T5XX,Audio Array,
https://m.media-amazon.com/images/I/61l9Vx2eoeL.jpg,"Audio Array AM-W35 UHF Dual Wireless Premium Karaoke Microphones | 800mah 5-6 Hours Battery Backup | Range up to 50M | Karaoke Singing, Wedding, DJ, Church | PA System, Amplifier, Mixer, Party Box",1111,1622,1310,1063,21,3.9,15,B0DFMKY4TT,Audio Array,
https://m.media-amazon.com/images/I/717ih+GtfUL.jpg,"Audio Array AM-W20 Magnetic Wireless Lapel Microphone Set | One Touch Smart Noise Reduction | 48KHz/24Bit Hi-fi Recording | 50M Range | 800mAh 48Hrs Long Battery Backup | Vlogging, Podcast, Streaming",11532,11436,11391,7242,1,2.8,17,B0DFMLQBMC,Audio Array,
https://m.media-amazon.com/images/I/51l7Qzn38+L.jpg,"Audio Array AM-W32 UHF Dual Wireless Metal Microphones | Built-in Rechargeable Battery | 6–8 Hours Backup | 60M Range | Karaoke, DJ, Events, PA System | Echo & Volume Controls",1111,1775,1300,906,15,3.7,53,B0DFMLS8JG,Audio Array,
https://m.media-amazon.com/images/I/71MEf9vdM0L.jpg,"Audio Array AM-W34 UHF Dual Wireless Premium Metal Microphones | 800mAh 6-8 Hours Receiver Battery Backup | Range up to 50M | Karaoke Singing, Wedding, Church | PA System, Amplifier, Mixer, Party Box",1737,1732,1369,1070,22,4.3,20,B0DFMLXD9S,Audio Array,
https://m.media-amazon.com/images/I/51cFs-fMJpL.jpg,"Audio Array AM-W33 UHF Metal Solo Wireless Microphone Set | 2000mAh 6-8 Hours Battery Backup | Range up to 50M | Karaoke Singing, Wedding, DJ, Church | PA System, Amplifier, Mixer, Party Box",2342,2872,1960,1090,23,3.5,53,B0DFMMTWLY,Audio Array,
https://m.media-amazon.com/images/I/61CB-2+eboL.jpg,"Audio Array AM-W36 UHF Dual Wireless Premium Metal Microphone with Charging | 2X XLR Outs & 1/4"" Mix Out | 328ft/100M Range | Karaoke Singing, Wedding, Events | PA System, Amplifier, Mixer, Party Box",2032,1742,2023,1315,19,3.5,18,B0DFMNGFTD,Audio Array,
https://m.media-amazon.com/images/I/71jVa9RTiBL.jpg,"Audio Array AM-W21 Wireless Microphone Kit | Built in Recording, Noise Reduction & Echo | Smartphones, Cameras, Laptops | Dual-Channel Recording, 200 feet Transmission Range, 48-Hour Battery Life",1100,2000,8821,12000,19,3.0,12,B0DFMQCGT1,Audio Array,
https://m.media-amazon.com/images/I/61Mbjpmi8gL.jpg,"Audio Array AM-C45 XLR/USB Pro RGB Dynamic Microphone Kit | 192kHz/24bit Studio Quality Output | Volume Control, Mute and Noise Cancellation | Realtime Monitoring for Streaming, Gaming & podcasting",1010,1039,990,3230,19,3.8,5,B0DN6LJZBR,Audio Array,
https://m.media-amazon.com/images/I/61uHzBU8YQL.jpg,"Audio Array AM-C11 Pro XLR/USB Professional Dynamic Mic Kit | Premium Metal 96kHz/24bit Studio Quality | 2M XLR & USB Cables,Volume Control,Mute & Realtime Monitoring | Streaming,Gaming & podcasting",3373,2342,2072,3736,20,4.3,8,B0DN6MNS1X,Audio Array,
https://m.media-amazon.com/images/I/61rZrgMYf7L.jpg,Audio Array AM-C44 Pro XLR/USB Professional Dynamic Microphone Kit | Built-in Monitoring | One Touch Mute & Volume Control | 192kHz/24bit Full Metal Build | 2M XLR & USB Cable | Streaming & Podcasting,1882,3850,2072,3382,10,4.0,14,B0DN6PFWNK,Audio Array,
https://m.media-amazon.com/images/I/51fjiTreYFL.jpg,"Audio Array Metal Mic Stand | Extendable height up to 22cm | Mic Stand For Table | Studio Sound Recording, Streaming, Podcasting, Singing | Stylish Sturdy Metal Design to last long, flat base | AA-26",195,220,221,419,13,4.2,118,B0DT6T6N6B,Audio Array,100
https://m.media-amazon.com/images/I/715nvr3Sn6L.jpg,"Audio Array AM-S1 BT v5.3 |Professional 4"" Studio Monitors Speaker Pair| 60W Class D Amplification,Woven Composite Woofer,1"" Silk-Dome Tweeter,EQ Controls|Music/Monitor Mode, Aux, HDMI, USBC, TRS, RCA",348,371,371,973,25,4.1,227,B0DXFPM4N2,Audio Array,50
https://m.media-amazon.com/images/I/61+PJei1fwL.jpg,"Audio Array AM-W21 Dual Wireless Lapel Mic | TFT Card Recording, Noise Cancellation & Echo | Android, iOS, DSLR Camera, Laptops | 360° Pickup, Plug n Play, 60M Working Range, 48-Hour Battery Life",16364,12970,6469,4860,0,2.5,2,B0F2HYY7JF,Audio Array,
https://m.media-amazon.com/images/I/619ABwK9eHL.jpg,"Audio Array AM-C47 RGB USB Condenser Mic Kit | AI Noise Cancellation, 192kHz/24Bit Studio Quality, Touch Control, Headphone Monitoring | Podcasting, YouTube, Gaming & Streaming | Mac/PC & Mobile",8047,5607,4186,2951,8,3.4,26,B0FF9R3GKK,Audio Array,
https://m.media-amazon.com/images/I/71b2Zcv0tGL.jpg,"Audio Array Sound bar | Bluetooth Speaker Wireless 25W, Gaming RGB Lights, AUX, USB, FM & TWS I Fast Charge Battery, Multiport Connectivity, for TV, Mobile, PC, Laptops, Tablets | Blue | SB-01",10968,11248,46419,64791,26,4.2,271,B0FFB6YJM1,Audio Array,
https://m.media-amazon.com/images/I/71PVNygRkCL.jpg,"Audio Array Professional DJ Headphones| Studio Headphone| 50mm Drivers| 32Ω | 20Hz-20kHz | Dual Detachable Cables with Mic & Controls| Buddy Share Technology | 105 dB SPL | Monitoring,Mixing| AH-50",153,119,144,260,18,4.4,113,B0FG88HVQ8,Audio Array,300
https://m.media-amazon.com/images/I/61EDqhJc8bL.jpg,"Audio Array All in 1 Pro Bundle | Condenser Mic with USB Bluetooth Soundcard Mixer | Complete Setup for Streaming, Podcasting, Gaming, Singing & Home Studio Recording - GB-02",363,277,313,251,20,3.5,3,B0FJ2DT13L,Audio Array,
https://m.media-amazon.com/images/I/71LUk1JxhnL.jpg,"Audio Array Portable Karaoke Bundle | Dual Wireless UHF Microphones with Rechargeable Battery Receiver & USB Plug n Play BT Soundcard Mixer | Ideal for Parties, Home Karaoke & Live Singing - KB-01",5444,2836,2366,2674,12,,,B0FJ2J6MTF,Audio Array,
https://m.media-amazon.com/images/I/61Y4axBkKlL.jpg,"Audio Array Professional Studio Bundle with 24-Bit/192kHz Audio Interface, 4"" Studio Monitors, Condenser Mic & Stands | for Music Production, Podcasting, Dubbing, Recording & Audio Mixing - UB-01",348,373,1626,853,23,3.0,2,B0FJ2JJZL3,Audio Array,
https://m.media-amazon.com/images/I/61NH61EH7JL.jpg,"Audio Array Complete Podcast Bundle | USB/XLR Dynamic Mic with Audio Interface 24bit/192kHz & Boom Arm Stand | Professional Streaming & Recording Kit for PC, Mac & Mobile Devices - PB-02",17441,11435,17129,16172,1,,,B0FJ2LQT7K,Audio Array,
https://m.media-amazon.com/images/I/616YHk4GafL.jpg,"Audio Array Pro Podcasting Bundle | Audio Interface with 48V Phantom Power & Dual USB/XLR Touch-Control Mics | 192kHz/24bit, Mute, Monitor, Volume Control | Recording, Streaming & Podcasting - PB-04",4740,7423,6938,2275,5,3.2,4,B0FJ8PZ9H7,Audio Array,
https://m.media-amazon.com/images/I/61CdfS3XjJL.jpg,"Audio Array Streaming Bundle Kit | USB Condenser Mic & RGB Sound Card with Phantom Power, Voice Effects, Real-Time Monitoring | for Podcasting, Gaming, YouTube & Live Streaming - GB-05",1862,1009,895,830,16,4.0,1,B0FJ8S53GW,Audio Array,
https://m.media-amazon.com/images/I/61MF0UR23CL.jpg,"Audio Array Complete Podcast Bundle | Dual USB/XLR Dynamic Microphones with Audio Interface 24bit / 192kHz|Metal Body|Pro Streaming & Recording Kit for PC, Mac & Mobile - PB-03",4740,7398,5410,1782,5,3.2,4,B0FJ8S5XJ8,Audio Array,
https://m.media-amazon.com/images/I/71R4sLFMsAL.jpg,"Audio Array Singing Bundle | Condenser Mic with Boom Arm & Sound Card V8 | Voice Effects, Reverb, Bluetooth | Ideal for Podcasting, Karaoke, Live Streaming, YouTube & Singing - GB-03",1862,946,866,790,20,1.0,2,B0FJ8TSQK1,Audio Array,
https://m.media-amazon.com/images/I/71b2Zcv0tGL.jpg,"Audio Array SB-01 25W | 2.0 Sound Bar Speaker | BT v5.3 AUX, USB, TF Card, TWS Connectivity | Inbuilt FM Radio | Build in Mics | Dynamic LED Lights",40050,84875,99868,162136,9,3.6,18,B0FJS7JZ4V,Audio Array,
https://m.media-amazon.com/images/I/41fjuM180AL.jpg,"Audio Array AM-C41 Plug & Play AI Noise Cancellation USB Condenser Microphone | Mute Button/Echo/Volume Knob | Kit with Tripod, Mic Cover | Gaming, Streaming, Podcast | Mac/PC/Laptop/Mobile",4592,5570,4075,4080,6,3.8,5,B0FLYHJ6DK,Audio Array,
https://m.media-amazon.com/images/I/61NEp4-3cJL.jpg,"Audio Array AM-C11X Pro XLR Podcast Mic Kit with Dynamic Microphone, 2m XLR Cable & Adjustable Boom Arm | Studio-Quality Sound, 20Hz–20kHz, All-Metal Build for Podcasting, Streaming & Recording",3373,2062,1995,1431,16,,,B0FN7C25VS,Audio Array,
https://m.media-amazon.com/images/I/61j48-LqzkL.jpg,"Audio Array Podcast Bundle with USB Condenser Mic Kit, Audio Interface |192kHz/24bit Studio Quality, Plug & Play, Phantom Power, Real-Time Monitoring for Recording, Streaming & Podcasting - PB-08",15477,11315,8973,7685,1,1.9,5,B0FN7DYB2M,Audio Array,
https://m.media-amazon.com/images/I/71CUVYLnwjL.jpg,"Audio Array AM-W19 Wireless Lavalier Microphone|192kHz/24bit |AI Noise Cancellation for iPhone/Android, 32h Charging Case, Plug & Play for Vlogging, Streaming, Meetings, Video Recording",9817,9207,7266,4107,11,3.0,29,B0FPR7VFCH,Audio Array,
https://m.media-amazon.com/images/I/9138c6TAGdL.jpg,"Audio Array AM-W22 | Latest 2026 Edition Wireless Microphone for Camera/iPhone/Android/iPad/Laptop, Lav Mic with Charging Case, AI Noise Reduction, 50H Battery, 230ft Range, for Recording, YouTube",5549,4928,4480,2471,7,3.5,49,B0FPR962YS,Audio Array,
https://m.media-amazon.com/images/I/71afmENDGqL.jpg,"Audio Array AH-40-SL Wired Over-Ear Headphones | 40mm Drivers, 15-22KHz, 32Ω, 105dB SPL | Studio Monitoring, Gaming, Live Music Headset with 3.5mm + 6.3mm Plug Compatibility",15273,22759,20257,12790,15,3.8,46,B0FQBX8J17,Audio Array,
https://m.media-amazon.com/images/I/71PaKAfgI1L.jpg,"Audio Array Studio Monitoring Headphones | AH-45-BK Overhead Headphones, 40mm Deep Bass Closed-Back, 20–20kHz, 32Ω, 100dB SPL, 3m OFC Cable, Dual Adapter - Black",311,329,475,636,32,4.0,46,B0FQBXS6Y2,Audio Array,100
https://m.media-amazon.com/images/I/41iJJlND3+L.jpg,"Audio Array AC-3XL Mic Cable 6.35mm Jack Male to XLR 3PIN Female Cord Wire | Microphone/Guitar Cable | Black, 1pc Pack (3 Meter/10 Feet)",262,310,420,333,20,4.0,166,B0FQJWWDVK,Audio Array,
https://m.media-amazon.com/images/I/41Dw+X11azL.jpg,"Audio Array AA-25 Metal Handheld Microphone Interview Adapter with Wind Shield for Wireless Lapel Microphones | Supports Rode Go, DJI, Hollyland Mics | Foam Cover with Built-in Cold Shoe Mount",1780,1763,1838,1385,15,4.0,89,B0FR5DLXH9,Audio Array,
https://m.media-amazon.com/images/I/71wo6gyqEGL.jpg,Audio Array Mic | Professional Studio Recording Bundle with Podcast Mic | 2x2 USB Audio Interface | Condenser Microphone | Studio Headphones | Boom Arm | 24-Bit/192kHz Recording Kit PB-10,960,1619,1751,3513,24,4.0,2,B0FTVQQVDC,Audio Array,
https://m.media-amazon.com/images/I/717ih+GtfUL.jpg,"Audio Array AM-W20 Magnetic Wireless Lapel Microphone Set | One Touch Smart Noise Reduction | 48KHz/24Bit Hi-fi Recording | 50M Range | 800mAh 48Hrs Long Battery Backup | Vlogging, Podcast, Streaming",1223,1920,1759,1310,16,5.0,4,B0FVM17Q4W,Audio Array,
https://m.media-amazon.com/images/I/61P7X-XFQNL.jpg,Audio Array Sound Mixer | Audio Mixer 8 Channel Hybrid USB Mixing Console with 4 XLR Mic Inputs | 192kHz/24-Bit OTG Recording | 99 DSP Effects | Phantom Power | Hi-Z Support & USB-C Connectivity,553,785,2859,2943,27,3.8,9,B0GCP1J2HC,Audio Array,
https://m.media-amazon.com/images/I/81YbOzf-kZL.jpg,"Audio Array AM-W22_v2 Latest 2026 Edition Wireless Microphone for Camera/iPhone/Android/iPad/Laptop, Lav Mic with Charging Case, AI Noise Reduction, 50H Battery, 230ft Range, for Recording, YouTube",4666,2684,2693,2579,13,3.7,4,B0GKPXQ8G3,Audio Array,
https://m.media-amazon.com/images/I/81Vxv9jCKzL.jpg,"Audio Array SoniqX 160W Trolley BT Party Speaker|Dual 12"" Full Range Drivers| with 2 Wireless Mics & Remote |TF/USB/Aux/Guitar/2mic Input |Inbuilt Radio, Recording, Karaoke| Upto 6hrs Playtime AM-S6",,,,,0,,,B0GN321RXQ,Audio Array,
https://m.media-amazon.com/images/I/71FUpPRAR+L.jpg,"Audio Array AK-61 Neo 61 Key Electronic Keyboard with LED Display, 200 Presets & 512 Timbres, Built-in 2.0 Speakers, with Mic, Vibrato, Sustain, Transpose, Battery & Adapter Powered, Headphone Out",1843,2355,2899,2899,14,,,B0GN8MFDGZ,Audio Array,
https://m.media-amazon.com/images/I/71FaSZscyKL.jpg,"Audio Array AK-37 White MIDI Keyboard 37 Velocity Sensitive Keys, Built-in Speakers, 200 Presets, Sustain & Touch, Tempo, Octave/Transpose/Tune, Master Volume Knob, LED Display BT AA & Type-C Power",2019,3276,4296,4367,10,3.5,3,B0GN8MMKY1,Audio Array,
https://m.media-amazon.com/images/I/71na5r6JWcL.jpg,"Audio Array AK-61 Pro 61-Key Portable Electronic Keyboard with LCD Display, Built-in Speakers, Mic Input & Included Mics, 255 Timbres, 512 Rhythms, Battery & Adapter Powered",2466,2777,2322,2322,15,3.5,2,B0GN8MPYPG,Audio Array,
https://m.media-amazon.com/images/I/71IgaVpBdRL.jpg,"Audio Array AK-37 Black MIDI Keyboard 37 Velocity Sensitive Keys, Built-in Speakers, 200 Presets, Sustain & Touch, Tempo, Octave/Transpose/Tune, Master Volume Knob, LED Display BT AA & Type-C Power",3349,3188,4155,4206,11,3.5,3,B0GN8RQJRG,Audio Array,
https://m.media-amazon.com/images/I/61udMyF-nQL.jpg,"Audio Array AM-C8 USB Plug & Play Condenser Microphone Kit | Pop-Filter & Metallic Base | 3.5 mm No Latency Monitoring, Volume Control & Mute Button| for Conference, Gaming, Podcasting & Streaming",,,,34114,0,4.8,7,B0B4FVV78V,Audio Array,
https://m.media-amazon.com/images/I/61m35bMRh-L.jpg,"Audio Array AM-C9 192kHz/24bit Professional USB Condenser Microphone | Metallic Base | No Latency Headphone Monitoring, Volume Control & Mute Button | Discord, Valorant, Gaming, Podcasting & Streaming",28294,27590,26675,16879,0,4.8,7,B0B4FXDHXW,Audio Array,
https://m.media-amazon.com/images/I/513Tcx28FfL.jpg,Audio Array All Metal Condenser Collar Microphone with 3.5mm Connector with Battery for DSLR & Smartphone (AM-C12),19731,16457,15846,12803,0,2.4,3,B0BLK31PYH,Audio Array,
https://m.media-amazon.com/images/I/51H+p6TP1bL.jpg,"Audio Array AM-C14 Omnidirectional Condenser Shotgun Microphone with 3.5mm Connector, Shock Mount & Wind Shield | PlugnPlay in DSLR & Smartphones | Vlogging, Streaming, ASMR Videos, etc",12784,12550,12406,9539,0,3.6,17,B0BLK6P24G,Audio Array,
https://m.media-amazon.com/images/I/71G6ORVyhYL.jpg,"Audio Array AM-K3 Instrument Drum Microphone Kit | Stage Performance and Professional Studio Recording | 1 Kick Drum Mic, 4 Tom Mics, 2 Condenser Mic & 2 Vocal Mics with Standard Mounting Accessories",8882,5988,7245,7815,9,3.3,17,B0BLK7VQ2N,Audio Array,
https://m.media-amazon.com/images/I/41cBZucBo1L.jpg,Audio Array AM-C13 Condenser Lapel Microphone | 6M Shielded Cable | Metal Build | Plug n Play Mobile & DSLR Support | 3.5mm Connector | Omnidirectional Pickup | Hard Case Included | 1 Year Warranty.,19731,16486,15417,13291,0,3.0,1,B0BLK8DNPD,Audio Array,
https://m.media-amazon.com/images/I/71S4Q+Ll51L.jpg,"Audio Array AM-K2 Instrument Drum Microphone Kit | Stage Performance and Professional Studio Recording | 1 Kick Drum Mic, 4 Tom Mics, 2 Overhead Condenser Mic with Standard Mounting Accessories",8882,6028,7269,7833,7,4.0,14,B0BLK8PXNY,Audio Array,
https://m.media-amazon.com/images/I/41+RBuELZQL.jpg,AI-01,,,,,0,,,B0BLKCB2JY,Audio Array,
https://m.media-amazon.com/images/I/51JeFriTYtL.jpg,"Audio Array AM-C24 USB Plug & Play Retro Microphone Kit | No Latency Monitoring & Volume Control Knob | Gaming, Streaming, Podcast, Singing, Discord, Zoom Meeting, YouTube | Laptop, PC, Smartphones",7396,5604,5609,3650,5,3.6,24,B0BLKCDRNB,Audio Array,
https://m.media-amazon.com/images/I/317VJi8oc5L.jpg,Audio Array AI-02 2x2 USB-C Audio Interface | Premium Midas Mic Pre-Amps | 48V Phantom Power | USB Bus 3.0 Ultra Low Latency | XLR/LINE inputs | Plug & Play-No Drivers | Metal Body | Metallic Grey,,,,39773,0,3.8,10,B0BLKCJXZR,Audio Array,
https://m.media-amazon.com/images/I/31Sz2CSRtvL.jpg,"Audio Array AM-C22 RGB USB Microphone with stand | One touch Mute Button, Easy Volume Control & Headphone Jack for monitoring | Singing, Streaming, Gaming, Podcasting | PC, Mac",20249,17366,15585,12979,0,3.7,15,B0BLKCSJ7Z,Audio Array,
https://m.media-amazon.com/images/I/51V-4ZYr6BL.jpg,Audio Array AM-C17 Dual Head Lapel Microphone | 1M x2 Long & Strong Cables | 3.5mm TRRS & 3.5mm TRRS to TRS Adapter | Omnidirectional Pickup | Mic Covers & Leather Bag Included | 1 Year Warranty,9560,15276,20665,19596,5,3.0,11,B0BLKCWZQD,Audio Array,
https://m.media-amazon.com/images/I/41S4F2va+cL.jpg,Audio Array AM-C16 Lapel Microphone | 1M Long & Strong Cable | 3.5mm TRRS Connector & 3.5mm TRRS to TRS Adapter | Omnidirectional Pickup | Mic Cover & Leather Carry Bag Included | 1 Year Warranty,57895,52181,47075,33211,0,4.8,14,B0BLKCXQRT,Audio Array,
https://m.media-amazon.com/images/I/41WAzjv3GVL.jpg,"Audio Array Anti Interference Metal Tube RGB USB Microphone for PC, Mac with Mute Button & Monitor Headphone Jack, for Vocals, YouTube, Streaming, Gaming Along with Mic Gain with pop Filter (AM-C23)",142381,129030,95696,70017,0,3.8,16,B0BLKD4815,Audio Array,
https://m.media-amazon.com/images/I/41pgQN2ZJQL.jpg,"Audio Array AM-C15 Premium Metal XLR Condenser Lapel Microphone | Noise-Free, Highly Sensitive Omni Directional Collar mic with 6 Meter Cable for Recording | DSL & Mixer, Requires +48V Phantom Power",,,66781,25293,0,3.4,9,B0BLKD8FVG,Audio Array,
https://m.media-amazon.com/images/I/41Z1Ke2zQtL.jpg,"Audio Array AM-C19 USB Condenser Microphone | Plug & Play, Tripod, No Latency Monitoring, Gain Control & Mute Button | Home Studio, YouTube, Gaming, Podcasting, Recording & Singing | Mac OS, Windows",7396,5683,5625,3729,6,3.4,17,B0BLKDC4PP,Audio Array,
https://m.media-amazon.com/images/I/41jr8NdhP-L.jpg,"Audio Array AA-08 5-Panel Metal Isolation Shield For Mics with Insulation, Absorption & Reflection Filter | 3/8"" and 5/8"" Universal Mic Mount for Recording Studio, Podcasts, Singing & Broadcasting",13104,12272,11327,9598,0,4.0,50,B0BLKGPL4X,Audio Array,
https://m.media-amazon.com/images/I/31kr0mgMWFL.jpg,"Audio Array AA-07 3-Panel Metal Isolation Shield For Mics with Insulation, Absorption & Reflection Filter | 3/8"" and 5/8"" Universal Mic Mount for Recording Studio, Podcasts, Singing & Broadcasting",13104,12176,11255,9519,0,4.0,50,B0BLKHVCDX,Audio Array,
https://m.media-amazon.com/images/I/61scxB8-Y-L.jpg,"Audio Array USB Condenser Microphone for YouTube, Gaming, Meeting & Recording on Mac OS, Windows & PS 4/5 with Tripod, No Latency Monitoring, Gain Control & Mute Button (AM-C21)",,,,253398,0,3.3,3,B0BLNC5D8L,Audio Array,
https://m.media-amazon.com/images/I/412ULxCtoCL.jpg,"Audio Array AM-C26 RGB USB Plug & Play Condenser Microphone Kit with Boom Arm & Pop-filter | 3.5 mm No Latency Monitoring, Volume Control & Mute Button | For Conference, Gaming, Podcasting & Streaming",19976,18897,17850,14962,0,3.6,6,B0BLNDQ757,Audio Array,
https://m.media-amazon.com/images/I/31fPdRdE7RL.jpg,"Audio Array AA-11 Springless Microphone Arm Stand |All Metal Upgraded Heavy Duty Stand With 1.8kg Weight Capacity for stablility & multi-angle adjustment | 5/8"" to 3/8"" Screw Adapter | Cable Ties",,,2894,1287,0,4.4,8,B0BLRGCNRG,Audio Array,
https://m.media-amazon.com/images/I/31QWmckFs7L.jpg,"Audio Array AA-12 Springless Microphone Arm | Heavy Duty Stand With 1.8kg Weight Capacity for stablility & multi-angle adjustment | 5/8"" to 3/8"" Screw Adapter | 0.5"" Thick Metal Tube | Cable Ties",,67300,66151,43403,0,3.7,4,B0BLRK37TB,Audio Array,
https://m.media-amazon.com/images/I/31S1APmTZpL.jpg,"Audio Array AA-13 Springless Microphone Arm | Heavy Duty Stand With 1.5kg Weight Capacity for stablility & multi-angle adjustment | 5/8"" to 3/8"" Screw Adapter | 0.5"" Thick Metal Tube | Cable Ties",,,2175,1248,0,4.1,10,B0BLRKFBBP,Audio Array,
https://m.media-amazon.com/images/I/51W6C0EMYIL.jpg,"Audio Array AA-14 Springless Microphone Arm | Heavy Duty Stand With 1.3kg Weight Capacity for stablility & multi-angle adjustment | 5/8"" to 3/8"" Screw Adapter | 0.5"" Thick Metal Tube | Cable Ties",,,66382,49953,0,4.0,4,B0BLS2HJ68,Audio Array,
https://m.media-amazon.com/images/I/61nUTSTPnwL.jpg,"Audio Array AA-09 Short Springless Microphone Arm Stand | Sturdy Boom Arm with 2kg Capacity for stability | Non-rebound arm along with multi-angle adjustment | 5/8"" to 3/8"" Screw Adapter | Cable Ties",41166,35359,26748,17160,0,4.0,37,B0BLS63XCL,Audio Array,
https://m.media-amazon.com/images/I/51mhmw4rtCL.jpg,Audio Array AI-04 2x2 Audio Interface | Premium Mic Pre-Amps | 48V Phantom Power Support | 24-bit/192kHz High Fidelity Recording | XLR/MIC/LINE inputs | Plug and Play-No Drivers | Metal Body | Black,9496,7952,5224,1413,11,3.9,224,B0BPMBMN3S,Audio Array,
https://m.media-amazon.com/images/I/41NITVQU01L.jpg,"Audio Array AM-C29 4 Pickup Pattern Professional USB Plug & Play Condenser Microphone | 3.5 mm No Latency Monitoring, Volume Control & Mute Button | For Conference, Gaming, Podcasting & Live Streaming",10983,10964,13449,15652,5,5.0,1,B0BPMN89NG,Audio Array,
https://m.media-amazon.com/images/I/61R2m0aFc4L.jpg,"Audio Array AM-C30 Metal RGB Professional USB Microphone | One-Touch Mute, Gain & No-Latency Monitoring Controls | Shock Mount and Tripod | for PC/Mobile, Gaming, Streaming, Podcasting & Voiceover",9483,12103,15434,10361,4,5.0,2,B0C4YTNJG7,Audio Array,
https://m.media-amazon.com/images/I/41wdmpzSkuL.jpg,"Audio Array AM-C32 Professional RGB USB Condenser Microphone with Tripod/Pop Filter & Shock Mount | No Latency Monitoring & Mute Button | For PC/Mobile, Gaming, Podcast, Streaming, Recording & Singing",10491,10645,13404,15589,5,3.8,10,B0C539RBGL,Audio Array,
https://m.media-amazon.com/images/I/31pUapmkF5L.jpg,"Audio Array AA-15 Gaming Microphone Boom Arm Stand | 1M reach | Premium Metal design with Internal Spring | Heavy Duty Mic Stand | 1.5kg Weight Capacity | 5/8"" to 3/8"" Screw Adapter | Cable Ties",,,57749,23057,0,3.7,10,B0C53CQV5Z,Audio Array,
https://m.media-amazon.com/images/I/41fZoq36eQL.jpg,"Audio Array AM-A1 Mic Activator | In-line Pre-amp | +25dB Gain | Supports Dynamic Mics AM-C11, Shure SM7B, Shure MV7, etc | Livestream, Singing, Podcast, Vocal Recordings | Requires +48V Phantom Power",15658,15390,14687,12423,0,4.2,17,B0C55M2GBN,Audio Array,
https://m.media-amazon.com/images/I/61vOiAnpbOL.jpg,"Audio Array AM-C37 Premium USB/XLR Dynamic Podcast Microphone | Volume, Mute Controls & Headphone Monitoring | Premium Metal Build | 2 Meter USB Cable Included | 96kHz/24bit Studio Performance",14288,10239,11359,11179,3,3.4,14,B0C55MY66L,Audio Array,
https://m.media-amazon.com/images/I/61RvLyjVWqL.jpg,Audio Array AM-C38 Condenser Shotgun Microphone | Super Cardioid Pickup | 3.5mm TRRS to TRS Cables & Windshield | 2X 3.5mm Ports for Headphone and Mic | 50h Battery Backup | DSLR & Mobile Support,12784,12549,12396,9592,0,3.6,17,B0C55QXL83,Audio Array,
https://m.media-amazon.com/images/I/51zej2PfzlL.jpg,Audio Array AM-C34 Lapel Microphone | 1M Long & Strong Cable | 3.5mm Audio Jack | TRRS to TRS & TRRS to USB Type C adapters | Omnidirectional Pickup | Mic Cover & Leather Carry Bag Included,19731,16466,15830,13949,0,1.6,4,B0C594FZLM,Audio Array,
https://m.media-amazon.com/images/I/519nOPUNTvL.jpg,"Audio Array AM-C33 Lapel Microphone | 1M Long, Strong Cable | 3.5mm TRRS | 3.5mm TRRS Port & TRRS to TRS Adapter | Omnidirectional Pickup | Mic Cover & Leather Carry Bag Included | 1 Year Warranty",19731,16487,15255,13377,0,4.2,5,B0C5957W3P,Audio Array,
https://m.media-amazon.com/images/I/51VmzsZ6tyL.jpg,Audio Array AM-C35 Dual Head Lapel Microphone | 1m x2 Long Cables | 3.5mm TRRS Cable | TRRS to TRS & TRRS to Type C adapters | Omnidirectional Pickup | with Mic Covers & Leather Bag | 1 Year Warranty,49054,48287,43421,31915,0,3.7,5,B0C598MNMC,Audio Array,
https://m.media-amazon.com/images/I/51-EwzrSeML.jpg,"Audio Array AM-C36 Lapel Microphone | 1M Long & Strong Cable | 3.5mm TRRS| 3.5mm TRRS Port, TRRS to TRS & TRRS to USB Type C adapters | Omnidirectional Pickup | Mic Cover & Leather Bag Included",19731,16482,15342,13275,0,,,B0C598Q6PT,Audio Array,
https://m.media-amazon.com/images/I/51t0Khl41oL.jpg,"Audio Array AA-10 Heavy Duty Springless Microphone Arm Stand | 50cm+50cm=100cm length with 1.8kg Capacity for stability | Non-rebound arm along with multi-angle adjustment | 5/8"" - 3/8"" Screw Adapter",18222,16636,15533,12827,0,3.5,19,B0C59G1C4N,Audio Array,
,Audio Array AA-24,,,,,0,,,B0CF5PCL34,Audio Array,
https://m.media-amazon.com/images/I/41ahI6DbrAL.jpg,"Audio Array AA-16 Microphone Arm Stand | 92cm length | 3 pivoting joints for flexible height and position adjustments | Smart Cable Management | 1kg Weight Capacity | 5/8"" to 3/8"" Screw Adapter",,,,,0,,,B0CF5T1LFR,Audio Array,
https://m.media-amazon.com/images/I/41RJ05mtzXL.jpg,"Audio Array AA-18 Microphone Arm Stand | 85cm reach | Armoured Microphone Stand | 3 pivoting joints for flexible height and position adjustments | 1kg Weight Capacity | 5/8"" to 3/8"" Screw Adapter",36251,28458,23413,19047,0,5.0,4,B0CF5T89FT,Audio Array,
https://m.media-amazon.com/images/I/41JI8H23OTL.jpg,"Audio Array AA-17 Microphone Arm Stand | 85cm reach | 3 pivoting joints for flexible height and position adjustments | Smart Cable Management | 1.6kg Weight Capacity | 5/8"" to 3/8"" Screw Adapter",,,29619,18854,0,4.8,9,B0CF5TDLFH,Audio Array,
,Audio Array AA-23,,,,,0,,,B0CF5TVDRT,Audio Array,
https://m.media-amazon.com/images/I/41zvBzvC16L.jpg,"Audio Array AB-01 Audio Interface Podcasting Streaming Console Mixer with Bluetooth & XLR to 3.5mm Condenser Mic | Upto 8hr Battery Backup| Gaming, Streaming | Compatible with Mobile & Computers",1430,2374,2600,2628,10,3.9,72,B0CF5WXWFH,Audio Array,
https://m.media-amazon.com/images/I/71UXVKqFZvL.jpg,Audio Array AI-05 2x4 Audio Interface | Premium Mic Pre-Amps | 48V Phantom Power Support | 24-bit/192kHz | Built-in FX Control | 2 Headphone Outputs | 4 XLR/MIC/LINE inputs | Plug and Play-No Drivers,32150,29911,28032,22761,0,3.8,6,B0CF9BY345,Audio Array,
https://m.media-amazon.com/images/I/61GLEdBEkIL.jpg,"Audio Array AI-08 Mini Stereo Audio Mixer | 4 Channel 1/4"" TRS Audio Input Jacks | Line Mixer Stereo/Mono Switch | Mic, Guitar Amplifier | RGB Knobs & 5V/2A DC power | Podcasting & Karaoke | MH400",,57675,42419,24384,0,4.4,10,B0CH4TDGPG,Audio Array,
https://m.media-amazon.com/images/I/51qQ0ze+6KL.jpg,"Audio Array AI-07 4-Channel Headphone Amplifier with 1/4"" and 1/8"" TRS Jack Input & Output | Dj Mixer & Headphone Splitter Amplifier | Separate Volume Control | DC5V 2A | Podcast Monitoring PH400",,,52867,24480,0,4.2,14,B0CH4THGGM,Audio Array,
https://m.media-amazon.com/images/I/51JxLpNGaYL.jpg,Audio Array AI-09 Professional Dual Channel Balanced Stereo +48V Phantom Power Supply Active DI Box | 9V Battery and 5V DC Power | -15dB pad & HPF | Multi Instrument Input for Live & Studio Sound J22,30708,29642,27265,22684,0,4.6,3,B0CH4WFQF6,Audio Array,
https://m.media-amazon.com/images/I/61OkLDjH2pL.jpg,Audio Array AI-02 2x2 Premium Audio Interface | Superior Midas Mic Pre-Amps | 48V Phantom Power | USB Bus 3.0 Ultra Low Latency | XLR/LINE inputs | Plug & Play-No Drivers | Metal Body | Metallic Red,11265,10962,10659,9474,0,3.4,49,B0CLH7G5WH,Audio Array,
https://m.media-amazon.com/images/I/51tTud71DUL.jpg,"Audio Array AB-02 Professional Voiceover Podcasting Streaming Bundle with Audio Interface & XLR Condenser Mic Kit | Studio Quality Setup | Podcast, Gaming, Streaming | Compatible with Mobile/PC",,,64543,38412,0,,,B0CPXVV5XN,Audio Array,
https://m.media-amazon.com/images/I/61hEyQ3BfjL.jpg,"Audio Array AB-05 Dual Professional Podcasting Voiceover Streaming Bundle | Audio Interface, Dynamic Mics & Boom-arms | Studio Quality Setup | Podcast, Gaming, Streaming | For Mobile & Computers",,67415,66224,59090,0,,,B0CPXWXCBS,Audio Array,
https://m.media-amazon.com/images/I/51IAibKiu3L.jpg,AB-03,,,,,0,,,B0CPXXJM6C,Audio Array,
https://m.media-amazon.com/images/I/615lvlQT-iL.jpg,"Audio Array AB-04 Professional Dual Voiceover Podcasting Bundle with Audio Interface and Condenser Mic Kit | Studio Quality Setup | Podcast, Gaming, Streaming | Compatible with Mobile & Computers",,,66458,53244,0,,,B0CPXXYY6H,Audio Array,
https://m.media-amazon.com/images/I/51PnH3TZt+L.jpg,"Audio Array AWB-01 Wireless Mics AM-W10 & Handheld Interview Adapter AA-25 | Premium Lapel Microphones for Vlogging, Streaming & Recording | 10hr Battery Backup & 100M Range | All Accessories in Box",,,66208,62072,0,,,B0D3M13T6H,Audio Array,
https://m.media-amazon.com/images/I/51E+Z0LdZIL.jpg,"Audio Array AM-C1 USB Condenser Microphone Kit | for Podcasting, Online Meeting, Gaming, Singing & Live Streaming | Boom Arm, Pop Filter, Mic Cover, Spider Shock Mount, Tripod & 2.5M USB Cable",33013,32655,32088,28860,0,5.0,2,B0DFTVZPM8,Audio Array,
https://m.media-amazon.com/images/I/61xlEDFCi7L.jpg,"Audio Array Ultimate Podcast Bundle | Dynamic Microphone with USB/XLR Connectivity & 24-Bit/192kHz Audio Interface | Ideal for Podcasting, Streaming, Voice Recording & Content Creation - PB-01",4740,7509,6442,2118,5,3.2,4,B0FJ2HZCVN,Audio Array,
https://m.media-amazon.com/images/I/71FC+h-FbrL.jpg,"Audio Array Ultimate Gaming Bundle | Condenser Mic with Boom Arm & Sound Card | Streaming Kit for PC/Mobile with 14 FX, Voice Modes, Loopback, Real Time Monitoring |for YouTube & Live Stream - GB-01",363,279,308,244,17,,,B0FJ2K95XT,Audio Array,
https://m.media-amazon.com/images/I/612qcJsMMUL.jpg,"Audio Array Podcast Kit | USB/XLR Dynamic Mic with Boom Arm & Audio Interface 24-Bit/192kHz | Metal Build | Plug & Play | No-Latency Monitoring for Streaming, Recording & Content Creation - PB-05",,,,,0,,,B0FJ8T4WXM,Audio Array,
https://m.media-amazon.com/images/I/61MF5d610bL.jpg,"Audio Array Pro Podcast Bundle | USB/XLR Dynamic Microphone with 24-Bit/192kHz Audio Interface & Boom Arm | Real-Time Monitoring, Plug & Play for Streaming, Recording & Content Creation - PB-06",17680,11440,16918,16088,1,3.0,2,B0FJ8TWCQZ,Audio Array,
https://m.media-amazon.com/images/I/6187536govL.jpg,"Audio Array RGB Gaming Bundle | RGB Dynamic Mic 24-Bit/192kHz with Sound Card | Audio, Voice FX, AI Noise Cancellation, Plug & Play for Streaming, Gaming, Podcasting & YouTube",,,,,0,,,B0FJ8V2LZM,Audio Array,
https://m.media-amazon.com/images/I/6187536govL.jpg,"Audio Array RGB Gaming Bundle|RGB USB Dynamic Microphone with Sound Card – Mute, Volume Control, Monitoring, Noise Cancellation, Voice Effects|for Streaming, Podcasting, Gaming, Singing - GB-04",37073,26443,23630,20397,0,,,B0FJ8W5Y9Q,Audio Array,
https://m.media-amazon.com/images/I/61UapMvG3lL.jpg,"Audio Array RGB Podcast Bundle | Dynamic RGB USB/XLR Mic with 24-Bit/192kHz Audio Interface & Boom Arm | AI Noise Cancelling, Plug & Play Kit for Streaming, Podcasting, Gaming & Recording - PB-07",17441,11630,17199,15875,2,,,B0FJ8Z1W81,Audio Array,
https://m.media-amazon.com/images/I/61LDKw26mJL.jpg,"Audio Array AM-C42 Plug & Play AI Noise Cancelling USB Condenser Microphone | Mute Button/Echo/Volume Knob | Kit with Boom Arm & Pop Filter | Karaoke, Gaming, Streaming, Podcast | Mac/PC/Mobile",4592,5550,4010,4466,6,3.0,2,B0FLYJFC22,Audio Array,
https://m.media-amazon.com/images/I/61lO-ZNejfL.jpg,"Audio Array Studio Monitor Bundle with 60W Powered Speakers & Adjustable Metal Stands | Bluetooth, HDMI ARC, USB-C, RCA Inputs | Professional Studio Monitors for Home Studio, Streaming & Gaming-UB-02",289,364,1272,576,23,3.7,6,B0FN7B3KWS,Audio Array,
https://m.media-amazon.com/images/I/61A+eHKMnkL.jpg,"Audio Array RGB Gaming Mic Bundle with USB/XLR Microphone, Boom Arm & Sound Card Mixer | Streaming Mic Kit with Voice Effects, AI Noise Cancel, RGB Lights for Podcasting, Gaming & Recording - PB-09",36497,26435,23518,20624,0,,,B0FN7FYZM3,Audio Array,
https://m.media-amazon.com/images/I/71PkxWbW+tL.jpg,"Audio Array Professional Bundle with Sound Card, USB Condenser Mic, Studio Headphones & Boom Arm | BT SoundCard with Voice Effects & Noise-Control Monitoring for Streaming Recording Podcasting - PB-13",,,,,0,,,B0FTVS34SD,Audio Array,
https://m.media-amazon.com/images/I/61CwvrtuC1L.jpg,"Audio Array Professional Dynamic Studio Bundle with Headphones – USB/XLR Dynamic Microphone, Boom Arm, Monitoring Headphones | 24-bit/192kHz, Plug & Play, No-Latency Recording, Monitoring - PB-11",4873,4223,4223,4223,5,3.0,1,B0FTVSH458,Audio Array,
https://m.media-amazon.com/images/I/71-Eom8AZ-L.jpg,"Audio Array Professional Recording Bundle with BT Soundcard – USB Condenser Microphone, Studio Headphones | Cardioid Mic, Noise Reduction & 6 Sound Modes for Streaming Recording & Podcasting - PB-14",2601,3714,4743,4743,15,,,B0FTVV1QJY,Audio Array,
https://m.media-amazon.com/images/I/61KRrq19AJL.jpg,"Audio Array Professional Dynamic Bundle with Headphones & Audio Interface - USB/XLR Dynamic Microphone, 24-bit/192kHz Interface, Boom Arm & Semi-Open Headphones | Plug & Play Podcast Kit - PB-12",1975,4860,9157,8390,11,5.0,1,B0FTVVLNS9,Audio Array,
https://m.media-amazon.com/images/I/612jW+UT3dL.jpg,"Audio Array Wireless Mic | AI Noise Cancellation Mic, iPhone/Android Compatible, 32H Charging Case, Plug & Play for Vlogging, Streaming, Meetings & Video Recording",3790,4450,2697,2052,8,3.5,6,B0G2C2RCXN,Audio Array,
https://m.media-amazon.com/images/I/61vd20PCzfL.jpg,"Audio Array Wired Voice Amplifier for Teachers 2026 Edition | Bluetooth 5.3 | Mic for Teaching with 10W Speaker, Tour Guides | 10Hrs Battery Life |1 Click Monitoring | TWS Connectivity AM-W47 Wired",329,412,5759,4556,26,3.8,20,B0G39ZHDYP,Audio Array,50
https://m.media-amazon.com/images/I/61N7hEs7NWL.jpg,"Audio Array Wireless Voice Amplifier 2026 Edition | Bluetooth 5.3 |10W Speaker With Wireless Mic | For Teachers, Tour Guides |10 Hrs Battery Life |1 Click Monitoring | TWS Connectivity AM-W47 Wireless",318,471,1729,2267,23,3.8,20,B0G3B152FR,Audio Array,
https://m.media-amazon.com/images/I/61kKb2MiMiL.jpg,"Audio Array Studio Monitor Bundle with 60W Powered Speakers & Adjustable Metal Stands | Bluetooth, HDMI ARC, USB-C, RCA Inputs | Professional Studio Monitors for Home Studio, Streaming & Gaming-UB-03",348,365,1076,672,25,2.2,4,B0G3B677Z5,Audio Array,
https://m.media-amazon.com/images/I/51-eFCv1izL.jpg,"Audio Array AM-W23 Magnetic Wieless Mic with Charging Pouch 2026 Edition 24Bit/ 48Khz, iPhone/Android/iPad/Laptop, AI Noise Reduction, 50H Battery, 230ft Range for Recording, Vlogging",4666,2739,2536,2734,16,3.7,3,B0G3Q517Y2,Audio Array,
https://m.media-amazon.com/images/I/71nbR9gMdlL.jpg,"Audio Array AM-W24 2026 Edition Magnetic Wireless 5gm Mic with Slide Charging Case for iPhone/Android/iPad, AI Noise Reduction, 30H Battery, 200ft Range, Plug & Play for Recording, Vlogging, Streaming",2711,4404,2725,2363,12,3.5,4,B0G3Q59X8C,Audio Array,
https://m.media-amazon.com/images/I/61Q8-cDICdL.jpg,"Audio Array AM-C48 XLR/USB Professional Full RGB Dynamic Microphone Kit | AI Noise Cancellation | Touch & Knob Controls | Built-in Headphone Monitoring | Podcasting, Recording, Streaming, YouTube",739,1021,1022,2945,16,4.1,10,B0G4DNF8RZ,Audio Array,
https://m.media-amazon.com/images/I/81H-p2nItJL.jpg,"Audio Array AM-Pro8 8-Channel Hybrid USB Mixer 8 Analog+2 Digital Inputs, 48kHz/16-Bit, Built-In Compressor, 6AUX Sends, Group Buses, Insert Points,+24dBu Balanced Outputs for Live, Studio & Broadcast",4981,14498,19765,19987,4,,,B0G53CB72D,Audio Array,
https://m.media-amazon.com/images/I/71OXRoQuHGL.jpg,"Audio Array Sound Mixer 2026 Edition Audio Mixer 4 Channel Hybrid USB Control | 4 Analog 2 Digital | 2XLR Mic Inputs,TRS Stereo In |48V Phantom | Hi-Z,2 Band EQ,Monitoring,Amp Out, USB-C Power | AI-13",182,127,423,508,14,3.8,64,B0G53H49BS,Audio Array,200
https://m.media-amazon.com/images/I/81paQbco-nL.jpg,"Audio Array AM-Mix10 10-Channel Hybrid USB Mixer with10 Analog+2 Digital Inputs, 48kHz/16-Bit DSP, Phantom Power, USB-C Powered, AUX Sends, Built-In FX, Balanced XLR Outputs for Live, Studio & Podcast",2693,2231,8339,7509,18,5.0,2,B0G53KWRVW,Audio Array,
https://m.media-amazon.com/images/I/81rip9SoXFL.jpg,"Audio Array AM-Pro12 12-Channel HYBRID USB Mixer 12 channel analog+2 digital 48kHz/16bit,128DSP Fx, Built-In Compressor, 4Group Buses, Inserts,+24dBu Balanced XLR Outs For Live, Studio & Broadcast",4981,13312,12172,10824,3,,,B0G53KWRWH,Audio Array,
https://m.media-amazon.com/images/I/812aEIwQ4jL.jpg,"Audio Array AM-Mix4 OTG 4-Channel 3 Out Hybrid USB Summing Audio Mixer (4 Analog + 2 Digital), 192kHz/24-Bit OTG, 99 DSP FX, Logarithmic Faders, Balanced XLR Out, Phantom Power, Hi-Z, 3-Band EQ",24626,24193,19058,15644,0,,,B0G53LZNY3,Audio Array,
https://m.media-amazon.com/images/I/81XLqSOHlQL.jpg,"Audio Array 8-Channel Hybrid USB Audio Mixer with 8 Analog + 2 Digital Inputs, 48kHz/16-Bit Processing, +50dB Gain, Combo XLR, Phantom Power, Hi-Z, 3-Band EQ, 99 DSP FX, Balanced XLR Output | AI-14",182,128,424,1345,17,4.1,8,B0G53M9258,Audio Array,50
https://m.media-amazon.com/images/I/81jHaIDxIdL.jpg,"Audio Array AM-Mix6 6-Channel Hybrid USB Audio Mixer with 6 Analog + 2 Digital Inputs, 48kHz/16-Bit, +50dB Mic Gain, PAD Switch, Dual AUX Sends,128 DSP FX, Balanced XLR Main Output, ≥102dB Max SPL",2693,2524,7286,7407,10,5.0,2,B0G53PRM34,Audio Array,
https://m.media-amazon.com/images/I/71c3JrPAzKL.jpg,"Audio Array 60W Bluetooth Bookshelf Speaker Pair | 1.5"" Silk Dome Tweeter, 4"" Sub Woofer | Music & Monitor Mode | Aux, HDMI, USB-C, TRS & RCA Connectivity (AMS1)",176073,128093,277445,237203,4,4.0,1,B0GD8JSPB1,Audio Array,
https://m.media-amazon.com/images/I/61xYOZHkRAL.jpg,"Audio Array A3-XLR 3-Pin Male to Female XLR Cable | 16 Amp High Current | Professional Audio Plug Silver Plated Contacts | Zinc Diecast Metal Body | Latch Lock Compatible with Mic, Mixer & PA Systems",6976,4070,8467,8464,7,4.0,1,B0GMPGNXX3,Audio Array,
https://m.media-amazon.com/images/I/81W43M1H26L.jpg,"Audio Array MT-12 12 Analog+2 Digital Channel Hybrid Analog+USB Mixer, 48kHz DSP, 4 XLR & 8 TRS Inputs, 3-Band EQ, +48V Phantom, 24dBu Balanced XLR Out, Graphical EQ, Type-C Power, Studio & Streaming",2424,4285,4180,4638,9,3.8,7,B0GN2LHJY4,Audio Array,
https://m.media-amazon.com/images/I/81lz5ywJfqL.jpg,"Audio Array Studio Monitors Speaker Pair 3.5"" | 50W RMS with Bluetooth 5.0 | Fiberglass Woofer & 1″ Silk Dome Tweeter, Class-D | TI 3116D2 Amp | TRS, RCA, AUX Inputs, Bass & Treble Control | AM-S2",381,226,418,418,21,4.8,26,B0GN97RFPR,Audio Array,100
https://m.media-amazon.com/images/I/81rpXSf2NiL.jpg,Audio Array Ear Pads Cushions Compatible with Audio Array AH-50 Professional DJ & Studio Headphones | Soft Protein Leather Earpads with Noise Isolating Soft Foam | Black,,4811,4811,4811,1,,,B0GNM35G8X,Audio Array,
,Audio Array BM-320 Pro Professional Wireless UHF Microphone with Receiver Box,,,,,0,,,B0GV154XPQ,Audio Array,
https://m.media-amazon.com/images/I/41sh3hHhhbL.jpg,Audio Array UHF IEM Audio Transmitter & Receiver System | PLL Frequency Stability | 100mW High Power Output | XLR & 6.35mm Input | Dual Monitoring Outputs | Metal Build | Low Noise Sound System | JT-1,,,,,0,,,B0GV15BVQC,Audio Array,
https://m.media-amazon.com/images/I/71IdTC2LC4L.jpg,Audio Array Professional UHF Wireless Interview Microphone System | 100M Range | 6-8H Battery | 630-690MHz | Unidirectional Mic | 126dB SPL | for Stage & Karaoke | DP-718H,,,,,0,,,B0GW8XGPB2,Audio Array,
https://m.media-amazon.com/images/I/61mJrlXFnML.jpg,Audio Array Single Wireless Mic Transceiver | UHF Wireless Audio System | 24Bit/48kHz Audio | Dual Channel | 16 Frequency Channels | 30-50m Range | DSP Frequency Locking | 6-8H Battery Life |W5,,12437,12437,12437,0,2.0,1,B0GW8YC59C,Audio Array,
https://m.media-amazon.com/images/I/812DxB4mzdL.jpg,Audio Array UHF Wireless Microphone System | Anti-Feedback Technology | 100-150M Range | 6-8H Battery Life | 630-690MHz | 126dB SPL | for Stage & Karaoke | AM-W36 Pro,,,,,0,,,B0GW92316G,Audio Array,
https://m.media-amazon.com/images/I/61skc-isMPL.jpg,Audio Array Professional UHF Interview Microphone System | Type-C Receiver for Mobile Recording & 6.35mm| 100M Range | 6-8H Battery | 630-690MHz | Unidirectional Mic | 126dB SPL | USB718,,,,,0,,,B0GW92TQGV,Audio Array,
https://m.media-amazon.com/images/I/81DORwHduJL.jpg,Audio Array Dual UHF Wireless Microphone System with Brief Case | 24Bit/48kHz Audio | Dual Channel Dynamic Mics | 50m Range | Cardioid Pickup | DSP Frequency Lock | Rechargeable Battery | AM-W32 Pro,,,,,0,,,B0GW92TTMS,Audio Array,
https://m.media-amazon.com/images/I/71C2rw+myPL.jpg,Audio Array Wireless IEM Audio System | 24Bit/48kHz Audio | 108dB Dynamic Range | Stereo/Mono Input | 20-30m Range | OTG Output | 8H Battery | for Recording & Streaming | JTG800,5020,3466,3466,3466,0,,,B0GW92TVVC,Audio Array,
https://m.media-amazon.com/images/I/61mJrlXFnML.jpg,Audio Array Dual Wireless Mic Transceiver | UHF Wireless Audio System | 24Bit/48kHz Audio | Dual Channel | 16 Frequency Channels | 30-50m Range | DSP Frequency Locking | 6-8H Battery Life |W3,325336,201690,201690,201690,0,,,B0GW9461N5,Audio Array,
https://m.media-amazon.com/images/I/71iObHbEKTL.jpg,Audio Array Solo UHF Wireless Microphone System with Brief Case | 24Bit/48kHz Audio | Dual Channel Dynamic Mics | 50m Range | Cardioid Pickup | DSP Frequency Lock | Rechargeable Battery | AM-W33 Pro,5848,4864,4864,4864,3,,,B0GW96SHSK,Audio Array,
https://m.media-amazon.com/images/I/71vWchPhN0L.jpg,Audio Array Guitar Transceiver | 2.4GHz Wireless Audio System | 24Bit/48kHz Audio | 37 Channels | 30-50m Range | Low Latency | 6-8H Battery | for Recording & Streaming | AE831,,,,,0,,,B0GXP7LJ75,Audio Array,
https://m.media-amazon.com/images/I/81lz5ywJfqL.jpg,"Audio Array 3.5"" Bookshelf Speaker Pair | 50W RMS | Bluetooth Connectivity| 2 Modes | 3.5"" Fiberglass Woofer & 1"" Silk Dome Tweeter | TRS/RCA/AUX | Bass & Treble Control (AMS2)",170014,129274,129481,129481,4,,,B0H1MTP2ZP,Audio Array,
https://m.media-amazon.com/images/I/619ABwK9eHL.jpg,"Audio Array AM-C47 RGB USB Condenser Mic Kit | AI Noise Cancellation, 192kHz/24Bit Studio Quality, Touch Control, Headphone Monitoring | Podcasting, YouTube, Gaming & Streaming | Mac/PC & Mobile",12078,10538,23829,13585,3,4.6,3,B0FJS57732,Audio Array,
https://m.media-amazon.com/images/I/71272w8ZFQL.jpg,"Audio Array AH-60-BL, 60Ω, Professional Monitoring Headphones | 53mm Drivers | 10Hz–30KHz | 105dB SPL | Closed-Back, DJ & Studio | 3m Cable with 3.5mm & 6.3mm Plugs (Blue)",1798,1137,977,1442,20,4.3,30,B0FQBTRM28,Audio Array,
https://m.media-amazon.com/images/I/7130Vy-RQeL.jpg,"Audio Array AH-60-RD Semi-Open Back DJ Headphones | 50mm Drivers Delivers Dynamic Balanced Output | 15Hz–25kHz, 32Ω, 100dB SPL, 1200mW | 3m OFC Single-Sided Cable with Screw-On 3.5mm + 6.3mm Plug",1798,1097,987,1464,21,4.3,30,B0FQBWV1ST,Audio Array,
,Audio Array XM-24 24 Channel Mixer With Carry Case,,,,,0,,,B0GTZ9X8Q2,Audio Array,
https://m.media-amazon.com/images/I/71goON6o+sL.jpg,Audio Array AM-Pro24 24 Channel Mixer With Carry Case,4981,9395,9395,9395,2,,,B0GTZJF142,Audio Array,
,Audio Array XM-16 16 Channel Mixer With Carry Case,,,,,0,,,B0GTZLGPFR,Audio Array,
https://m.media-amazon.com/images/I/61JwtSYqzAL.jpg,Audio Array AM-Pro16 16 Channel Mixer With Carry Case,4981,9509,9509,9509,2,,,B0GTZND3ZN,Audio Array,
https://m.media-amazon.com/images/I/710UQMKxbqL.jpg,"Audio Array Premium Dynamic XLR to TRS Microphone | 24Bit/48kHz | Cardioid Pattern | Metal Body & 14mm Diaphragm 3M Cable | for Podcast, Streaming, Studio Recording & Gaming | AM-C51",12846,8362,8362,8362,1,3.0,1,B0GW8R2RYM,Audio Array,
https://m.media-amazon.com/images/I/71Z61qAChOL.jpg,"Audio Array Dynamic XLR to TRS Microphone | 24Bit/48kHz | Cardioid Pickup | Metal Body & 14mm Diaphragm 3M Cable | for Podcast, Streaming, Vocal Recording & Studio Use | AM-C50",13640,9037,9037,9037,1,,,B0GW8VBCBL,Audio Array,
https://m.media-amazon.com/images/I/71wBGolLxaL.jpg,"Audio Array Dynamic XLR to TRS Microphone | 24Bit/48kHz | Cardioid Pickup | Metal Body & 14mm Diaphragm 3M Cable | for Podcast, Streaming, Vocal Recording & Studio Use | AM-C49",6996,5222,5222,5222,7,5.0,1,B0GW8Z556N,Audio Array,
https://m.media-amazon.com/images/I/71woZNqqOdL.jpg,"Audio Array Premium Dynamic XLR to TRS Microphone | 24Bit/48kHz | Cardioid Pattern | Metal Body & 14mm Diaphragm 3M Cable | for Podcast, Streaming, Studio Recording & Gaming | AM-C52",,,,,0,,,B0GW8ZQRFK,Audio Array,
https://m.media-amazon.com/images/I/81t+tYdSiIL.jpg,Audio Array Quad UHF Wireless Microphone System | Unidirectional Mic | 50-100M Range | 6-8H Battery Life | 630-690MHz | 50Hz-16kHz Response | 126dB SPL | for Karaoke & Stage Use | T-835,,,,,0,,,B0GW96CQMG,Audio Array,
https://m.media-amazon.com/images/I/81U+rxV8RgL.jpg,Audio Array 4-Channel 3-Out Hybrid USB Summing Audio Mixer | 4 Analog & 2 Digital Channels | 99 DSP FX | 192kHz/24-Bit OTG | Balanced XLR Output | Phantom Power & Hi-Z | BE-4,2668,3445,3445,3445,13,,,B0GXP97CZG,Audio Array,
https://m.media-amazon.com/images/I/81Ne2KManiL.jpg,Audio Array 6-Channel Hybrid USB Summing Mixer | 4 Analog & 2 Digital Channels | 192kHz/24-Bit OTG Recording | 99 DSP FX | 2 XLR Mic Inputs | Phantom Power | Hi-Z & Headphone Monitoring |M6,669,796,868,868,19,3.8,9,B0GXPBHDRF,Audio Array,
https://m.media-amazon.com/images/I/71N-+C4NfIL.jpg,"Audio Array Professional Studio Recording Bundle with XLR Condenser Mic Kit, 4-Channel USB Audio Mixer, 50mm DJ Headphones & 48V Phantom Power for Podcasting, Streaming & Home Studio Use | PB-16",,,,,0,,,B0GXPGBQB1,Audio Array,
https://m.media-amazon.com/images/I/61GlMu1-ZnL.jpg,"Audio Array Professional Studio Bundle with 24-Bit/192kHz Interface, 3.5"" Studio Monitors, Condenser Mic & Speaker Stands|for Music Production, Podcasting, Dubbing, Recording & Audio Mixing| UB-04",381,234,242,242,11,,,B0GXY7YJWP,Audio Array,
https://m.media-amazon.com/images/I/717HVQ6IlJL.jpg,"Audio Array Studio Recording Bundle| XLR Condenser Mic with 24-bit/192kHz Audio Quality, 2-Channel USB Audio Interface with 48V Phantom Power, +60dB Gain with 50mm Studio Monitoring Headphone | PB-15",,,,,0,,,B0GY827J9C,Audio Array,
https://m.media-amazon.com/images/I/61MD9KLk1nL.jpg,"Audio Array Studio Recording Bundle with XLR Condenser Mic Kit, 4-Channel USB Audio Mixer with 48V Phantom Power & 40mm Wired Over-Ear Headphone| Podcast, Streaming, Gaming & Home Studio Setup | PB-17",,,,,0,,,B0GY857139,Audio Array,
https://m.media-amazon.com/images/I/61Bzuz6eLxL.jpg,"Audio Array Streaming Bundle with XLR Condenser Mic, USB-C Sound Card with Bluetooth, +60dB Gain, Effects & 40mm Studio Monitoring Headphone| 20-20KHz,32 Ω, 100dB SPL| for Streaming & Recording| PB-18",,,,,0,,,B0GY86ZT1X,Audio Array,
https://m.media-amazon.com/images/I/81t3ozZHsZL.jpg,"Audio Array 2026 Edition 4-Channel Hybrid USB Summing Mixer 4 Analog+2 Digital, 48kHz/16-Bit, 2XLR Mic Inputs,TRS Stereo In, 48V Phantom, Hi-Z,2 Band EQ,Monitoring,Amp Out, USB-C Power AI_13",10227,7513,6998,6998,5,,,B0H1H3K6B2,Audio Array,
https://m.media-amazon.com/images/I/61NwkQN3iLL.jpg,"Audio Array 3.5"" Studio Monitor Bundle with 50W Powered Speakers & Adjustable Metal Stands|Bluetooth,TRS, AUX, RCA Inputs|5KG Capacity|Height, Tilt & Rotation Adjustable|Smart Cable Management | UB-06",381,267,280,280,8,,,B0H2FCK54H,Audio Array,
https://m.media-amazon.com/images/I/81EgRtNvByL.jpg,"Audio Array 5-Inch 2 Way Near Field Studio Monitor Speakers Pair | 140W RMS Class AB Amplification | Kevlar Woofer, Silk Dome Tweeter | XLR/TRS Inputs | 56Hz-22kHz Frequency Response | X5",,3343,3343,3343,0,,,B0H2Z6R6V8,Audio Array,
https://m.media-amazon.com/images/I/912Q09TymmL.jpg,"Audio Array 5-Inch 2 Way Near Field Studio Monitor Speakers Pair | 140W RMS Class AB Amplification | Kevlar Woofer, Silk Dome Tweeter | XLR/TRS Inputs | 56Hz-22kHz Frequency Response | M5",7525,5753,5753,5753,0,,,B0H2ZCQFTZ,Audio Array,
https://m.media-amazon.com/images/I/81-EojdRxfL.jpg,"Audio Array USB Plug & Play Conference Mic for Mac OS & Windows | Conference, Recording, Skype, Online Class with Range Upto 5M | One Touch Mute Button & Light Indicator (NOT A Speaker) AM-C5 White",941,1356,1356,1356,10,,,B0H3LHF2WW,Audio Array,
