"Image","Title","Sales Rank: Current","Sales Rank: 30 days avg.","Sales Rank: 90 days avg.","Sales Rank: 365 days avg.","Sales Rank: Drops last 30 days","Reviews: Rating","Reviews: Rating Count","ASIN","Brand","Monthly Sales Trends: Monthly Sold (Last Known)"
"https://m.media-amazon.com/images/I/61jOuO132HL.jpg;https://m.media-amazon.com/images/I/71vpOrMAUdL.jpg;https://m.media-amazon.com/images/I/71g+nvJ9HqL.jpg;https://m.media-amazon.com/images/I/71lGYXcCFLL.jpg;https://m.media-amazon.com/images/I/71kiNBip+yL.jpg;https://m.media-amazon.com/images/I/71wm4P27CZL.jpg","TONOR Dynamic Karaoke Microphone for Singing with 4.5m XLR Cable, Metal Handheld Mic Compatible with Karaoke Machine/Speaker/Amp/Mixer for Karaoke Singing, Speech, Wedding, Stage and Outdoor Activity","1763","1859","1022","421","41","4.2","15481","B01ISNU3X4","TONOR","50"
"https://m.media-amazon.com/images/I/71K52nuVjYL.jpg;https://m.media-amazon.com/images/I/81S5KQ+5d8L.jpg;https://m.media-amazon.com/images/I/71STmKEPLIL.jpg;https://m.media-amazon.com/images/I/71jWndK9wlL.jpg;https://m.media-amazon.com/images/I/71bUj-Gw61L.jpg;https://m.media-amazon.com/images/I/716NAjxV-sL.jpg;https://m.media-amazon.com/images/I/71Q2260wXRL.jpg","TONOR G11 Conference USB Microphone, Omnidirectional Condenser PC Mic for Video Conference, Recording, Skype, Online Class, Court Reporter, Plug & Play Compatible with Mac OS X Windows PC Computer","27569","16341","14452","14642","8","4.3","3949","B07GVGMW59","TONOR","10"
"https://m.media-amazon.com/images/I/71sz7E5XiDL.jpg;https://m.media-amazon.com/images/I/81h7QmMLUzL.jpg;https://m.media-amazon.com/images/I/71iAF+3ey7L.jpg;https://m.media-amazon.com/images/I/71njCGCHqoL.jpg;https://m.media-amazon.com/images/I/81vGQ2yRMQL.jpg;https://m.media-amazon.com/images/I/71mGWTJxp2L.jpg;https://m.media-amazon.com/images/I/710nl48fQkL.jpg;https://m.media-amazon.com/images/I/71tKQ-mTU9L.jpg","TONOR Gaming Mic, USB Microphone for PC Computer, Cardioid Condenser Mic with Adjustable RGB Modes & Brightness, Quick Mute, Gain Control, for Streaming, Podcasting, Recording, PS4/5 Desktop TC310","1135","1875","1905","1655","28","4.4","756","B0BTCXQQ6M","TONOR","50"
"https://m.media-amazon.com/images/I/71ed40VDMQL.jpg;https://m.media-amazon.com/images/I/71jS6AMsWRL.jpg;https://m.media-amazon.com/images/I/71wzhecnYtL.jpg;https://m.media-amazon.com/images/I/81kjrglqHTL.jpg;https://m.media-amazon.com/images/I/71qseXe8z0L.jpg;https://m.media-amazon.com/images/I/616tR+1cYwL.jpg;https://m.media-amazon.com/images/I/81P08msee9L.jpg;https://m.media-amazon.com/images/I/61Gdoq9gCFL.jpg;https://m.media-amazon.com/images/I/613Lpgpns4L.jpg","TONOR USB Gaming Microphone, Computer Condenser PC Mic with Tripod Stand & Pop for Streaming, Podcasting, Vocal Recording, Compatible with iMac PC Laptop Desktop Windows Computer, TC-777","366","338","482","690","25","4.1","32627","B07WLWN2ZT","TONOR","10"
"https://m.media-amazon.com/images/I/61sRP1tUYlL.jpg;https://m.media-amazon.com/images/I/61m1jOjqDDL.jpg;https://m.media-amazon.com/images/I/7174CajNJ1L.jpg;https://m.media-amazon.com/images/I/71yp-MfkF4L.jpg;https://m.media-amazon.com/images/I/713PEGI2eoL.jpg;https://m.media-amazon.com/images/I/71Mk3698JgL.jpg;https://m.media-amazon.com/images/I/71MlGldqxdL.jpg;https://m.media-amazon.com/images/I/7104YraemFL.jpg","TONOR USB Microphone, Condenser Computer PC Mic with Tripod Stand, Metal,Pop Filter, Shock Mount for Gaming,Streaming,Podcasting,YouTube, Voice Over,Skype, Twitch,Compatible with Laptop Desktop, TC30","366","335","473","599","33","4.1","21640","B08CVP2HXP","TONOR","20"
"https://m.media-amazon.com/images/I/61CCDltP2tL.jpg;https://m.media-amazon.com/images/I/719Auk+jiKL.jpg;https://m.media-amazon.com/images/I/71oeieqKuBL.jpg;https://m.media-amazon.com/images/I/61w1wi3iDIL.jpg;https://m.media-amazon.com/images/I/71G0sQLIrPL.jpg;https://m.media-amazon.com/images/I/71Hafa3EbhL.jpg;https://m.media-amazon.com/images/I/71bVrlv539L.jpg","RGB Boom Arm, TONOR Adjustable Mic Stand with RGB Light for HyperX QuadCast/Blue Yeti/Shure SM7B/Rode NT1, Rotatable Suspension Boom Scissor Stand for Gaming Streaming Podcasting YouTube Recording T90","2170","2615","2106","1125","13","4.5","12958","B0BRKDLXCD","TONOR",""
"https://m.media-amazon.com/images/I/61Izk-jIQCL.jpg;https://m.media-amazon.com/images/I/81UiCfeY8mL.jpg;https://m.media-amazon.com/images/I/71CN61WPWBL.jpg;https://m.media-amazon.com/images/I/71VW7pvtfPL.jpg;https://m.media-amazon.com/images/I/71WSFcgRlaL.jpg;https://m.media-amazon.com/images/I/71DtODMEBIL.jpg;https://m.media-amazon.com/images/I/71R9ZT7NKyL.jpg","TONOR Dynamic USB/Type-C Microphone for PC, RGB Podcast Computer Gaming Microphone with Arm Stand for Recording, Live, Streaming, YouTube, Vocals, Studio, Karaoke Microphone, Quick Mute Button, Black","1273","1180","990","2842","20","4.2","164","B0CQX3VB1R","TONOR","50"
"https://m.media-amazon.com/images/I/61WFhjdGFbL.jpg;https://m.media-amazon.com/images/I/71JcZwXzR5L.jpg;https://m.media-amazon.com/images/I/614+e7WzVfL.jpg;https://m.media-amazon.com/images/I/61YC4pbhOJL.jpg;https://m.media-amazon.com/images/I/71YWGG8a2dL.jpg;https://m.media-amazon.com/images/I/71FtylpKCOL.jpg;https://m.media-amazon.com/images/I/71onaCjyj+L.jpg","TONOR T10 Microphone Boom Arm, Adjustable Microfono Stand Mic Arm with Extra-Large Pop Filter for HyperX Quadcast Blue Yeti Shure SM7B Rode Razer Seiren Mini SoloCast Elgato Wave, Recording Equipment","2170","2757","2106","1126","6","4.5","12968","B0C8JDHLX9","TONOR","50"
"https://m.media-amazon.com/images/I/61QgIySbFGL.jpg;https://m.media-amazon.com/images/I/81ocyYJUrSL.jpg;https://m.media-amazon.com/images/I/71LBKd7520L.jpg;https://m.media-amazon.com/images/I/71Y0RdmH-4L.jpg;https://m.media-amazon.com/images/I/71SRhOdK4VL.jpg;https://m.media-amazon.com/images/I/71miFJBJ9FL.jpg;https://m.media-amazon.com/images/I/61-DghwFdCL.jpg","TONOR USB Dynamic Microphone for Podcast Gaming Mic with RGB for Recording, Live Streaming, YouTube, Singing, Studio, Tiktok Microfono with Quick Mute& Stand Compatible with PC/Cellphone TypeC","1763","1573","952","514","4","4.4","194","B0CQX4K9P5","TONOR","100"
"https://m.media-amazon.com/images/I/71dYNkQDMOL.jpg;https://m.media-amazon.com/images/I/81m7WtwMqaL.jpg;https://m.media-amazon.com/images/I/71WKUGrAPtL.jpg;https://m.media-amazon.com/images/I/71GvDeS6t4L.jpg;https://m.media-amazon.com/images/I/816iaRU6NOL.jpg;https://m.media-amazon.com/images/I/71G6k9RrrZL.jpg;https://m.media-amazon.com/images/I/71lgxvvGChL.jpg;https://m.media-amazon.com/images/I/715doPfJ5LL.jpg","TONOR TC310+ RGB Condenser Mic with Boom Arm Quick Mute, RGB Lighting, Pop Filter, Shock Mount,Gaming USB Microphone Set for PC Gain Control for Streaming Podcasting Recording Discord Twitch YouTube","1135","1836","1881","1694","36","4.5","1614","B0CCV74CL7","TONOR","10"
"https://m.media-amazon.com/images/I/71wJBecMrBL.jpg;https://m.media-amazon.com/images/I/812Zp8Gk-fL.jpg;https://m.media-amazon.com/images/I/71Zd7130AdL.jpg;https://m.media-amazon.com/images/I/71957Q1COvL.jpg;https://m.media-amazon.com/images/I/7199Xp5kUGL.jpg;https://m.media-amazon.com/images/I/71OZkKEKGqL.jpg;https://m.media-amazon.com/images/I/71XAPL5xXOL.jpg;https://m.media-amazon.com/images/I/71fq5QpzzJL.jpg","TONOR TC777 Pro Gaming USB Microphone for PC, RGB Condenser Computer Mic with Tripod Stand, Quick Mute, Gain Control, for Gaming, Streaming, Podcasting, Recording, Cardioid Mic Kit for Laptop/PS4/PS5","366","337","480","610","19","4.3","805","B0BYHHSLPC","TONOR","50"
"https://m.media-amazon.com/images/I/818jRpF2H1L.jpg;https://m.media-amazon.com/images/I/713ylIB3tEL.jpg;https://m.media-amazon.com/images/I/71lcfBpv1iL.jpg;https://m.media-amazon.com/images/I/71geFvQ1AxL.jpg;https://m.media-amazon.com/images/I/71qh122HnFL.jpg;https://m.media-amazon.com/images/I/81GmDcSluNL.jpg;https://m.media-amazon.com/images/I/71p7ZgpWnAL.jpg;https://m.media-amazon.com/images/I/71UCRlJlPuL.jpg","TONOR USB Conference Microphone, 360 Omnidirectional PC Computer Condenser Mic with Mute Button for Online Meeting/Class, Zoom Call, Skype Chatting, Plug & Play (TM20,Red)","6946","6423","4349","2956","31","4.3","1913","B08NDB5NWP","TONOR","10"
"https://m.media-amazon.com/images/I/61eHvZGXkCL.jpg;https://m.media-amazon.com/images/I/71Ge2Hby78L.jpg;https://m.media-amazon.com/images/I/716ogAnyM0L.jpg;https://m.media-amazon.com/images/I/71VkQJ90LCL.jpg;https://m.media-amazon.com/images/I/71NBGoP+VgL.jpg;https://m.media-amazon.com/images/I/71tsfliV5PL.jpg;https://m.media-amazon.com/images/I/61A41NOQOeL.jpg;https://m.media-amazon.com/images/I/71pV3+YQ8SL.jpg;https://m.media-amazon.com/images/I/71vFiLxMnNL.jpg","TONOR RGB USB Microphone, Cardioid Condenser Computer PC Mic with Tripod Stand, Pop Filter, Shock Mount for Gaming, Streaming, Podcasting, YouTube, Twitch, Compatible with Laptop Desktop,TC30 with RGB","29857","29904","39405","62350","4","4.4","1485","B0B4WTHLX5","TONOR",""
"https://m.media-amazon.com/images/I/71VsKk0u+xL.jpg;https://m.media-amazon.com/images/I/71xsnXQiC4L.jpg;https://m.media-amazon.com/images/I/615nBxqz9rL.jpg;https://m.media-amazon.com/images/I/61FntaQNftL.jpg;https://m.media-amazon.com/images/I/61YC4pbhOJL.jpg;https://m.media-amazon.com/images/I/61VSY3WLd4L.jpg;https://m.media-amazon.com/images/I/61c8GQ5msBL.jpg;https://m.media-amazon.com/images/I/71R6QrvUuLL.jpg;https://m.media-amazon.com/images/I/615AXhvoB6L.jpg","TONOR Microphone Arm Stand, TONOR Adjustable Suspension Boom Scissor Mic Stand with Pop , 3/8"" to 5/8"" Adapter, Mic Clip, Upgraded Heavy Duty Clamp for Blue Yeti Nano Snowball Ice and Other Mics(T20)","2170","2778","2303","1177","28","4.5","12959","B082W4B7SX","TONOR","10"
"https://m.media-amazon.com/images/I/717Fu7k4GaL.jpg;https://m.media-amazon.com/images/I/81onbzgOMzL.jpg;https://m.media-amazon.com/images/I/61q3BYGvsoL.jpg;https://m.media-amazon.com/images/I/81HEbeIJX0L.jpg;https://m.media-amazon.com/images/I/71UUUiuFYxL.jpg;https://m.media-amazon.com/images/I/71V1viOwm8L.jpg;https://m.media-amazon.com/images/I/71lL38+E9vL.jpg;https://m.media-amazon.com/images/I/71xH46bfuFL.jpg","TONOR Wireless Microphone Isolation Shield, Mic Sound Absorbing Foam Reflector for Any Condenser Recording Equipment Studio (Black)","4726","3216","2857","2417","14","4.2","2820","B078WNW4YW","TONOR","10"
"https://m.media-amazon.com/images/I/31ErqWNoI8L.jpg;https://m.media-amazon.com/images/I/51DE57tb-oL.jpg;https://m.media-amazon.com/images/I/417jA0SwI+L.jpg;https://m.media-amazon.com/images/I/51tjpRF6bFL.jpg","TONOR TD510 Dynamic Microphone, USB/XLR PC Microphone for Podcast, Recording, Live Streaming & Gaming, XLR Cardioid Studio Mic Music Voice-Over with Quick Mute, Headphone Output, Volume Control","7789","5586","4160","4365","23","4.6","849","B0BRKFP94K","TONOR","10"
"https://m.media-amazon.com/images/I/61-uETXmGjL.jpg;https://m.media-amazon.com/images/I/71rtiAqeuqL.jpg;https://m.media-amazon.com/images/I/71pxluDWXUL.jpg;https://m.media-amazon.com/images/I/71OkeF-jB-L.jpg;https://m.media-amazon.com/images/I/71gU1gIciwL.jpg;https://m.media-amazon.com/images/I/71PSLi8dABL.jpg;https://m.media-amazon.com/images/I/71mmk5nX1wL.jpg","TONOR Professional Vocal Microphone for Singing, Dynamic Handheld Wired Karaoke Mic, Cardioid Studio Microfono with 4.5M XLR to 1/4"" Cable, for Speakers/Mixer Machine/Amp/Speech/Karaoke and Outdoors","16145","15961","15678","4747","0","4.3","437","B0CFKZ72N7","TONOR",""
"https://m.media-amazon.com/images/I/616sZP9qJwL.jpg;https://m.media-amazon.com/images/I/61nabFEP3jL.jpg;https://m.media-amazon.com/images/I/61y4b9ivqOL.jpg;https://m.media-amazon.com/images/I/615nBxqz9rL.jpg;https://m.media-amazon.com/images/I/61YC4pbhOJL.jpg;https://m.media-amazon.com/images/I/71NbyFfwy+L.jpg;https://m.media-amazon.com/images/I/61YT8HQR0GS.jpg;https://m.media-amazon.com/images/I/610mmKVhF9L.jpg","Microphone Stand Extension Arm, TONOR Studio Suspension Scissor Boom Arm with Pop Filter, 3/8"" to 5/8"" Adapter, Mic Clip, Upgraded Heavy Duty Clamp for Blue Yeti Snowball Ice and Other Mics(T30)","2170","2709","2098","1118","11","4.5","12959","B089FVQD3Z","TONOR","10"
"https://m.media-amazon.com/images/I/71UcObSjliL.jpg;https://m.media-amazon.com/images/I/718+oiNwoRL.jpg;https://m.media-amazon.com/images/I/71yPrXwpRnL.jpg;https://m.media-amazon.com/images/I/61m1jOjqDDL.jpg;https://m.media-amazon.com/images/I/71a2tjs6DtL.jpg;https://m.media-amazon.com/images/I/71ImZTPDA7L.jpg;https://m.media-amazon.com/images/I/71Wj29bFvJL.jpg;https://m.media-amazon.com/images/I/71lnhGjfd2L.jpg","TONOR USB Microphone Kit Condenser Mic for Recording, Podcasting, Live Streaming, Gaming or Chatting with Scissor Arm Stand/Shock Mount/Pop Filter/USB Cable","19769","18051","16302","12509","0","4.5","10086","B07JMYG6LF","TONOR",""
"https://m.media-amazon.com/images/I/71twT4O-LtL.jpg;https://m.media-amazon.com/images/I/71whEcg9AfL.jpg;https://m.media-amazon.com/images/I/71S6ONKXWIL.jpg;https://m.media-amazon.com/images/I/71TgTkwY-IL.jpg;https://m.media-amazon.com/images/I/715x9pVMDpL.jpg;https://m.media-amazon.com/images/I/71WcJQEea2L.jpg;https://m.media-amazon.com/images/I/71vUhfLDA+L.jpg","TONOR Conference Microphone (FBK77102)","","","","","0","3.9","8","B0BVHZ5MKZ","TONOR",""
"https://m.media-amazon.com/images/I/71gY69b3azL.jpg;https://m.media-amazon.com/images/I/713crFSkklL.jpg;https://m.media-amazon.com/images/I/71kbEO1DG1L.jpg;https://m.media-amazon.com/images/I/71l07auabHL.jpg;https://m.media-amazon.com/images/I/7189xNHwQyL.jpg;https://m.media-amazon.com/images/I/7129O27JQGL.jpg;https://m.media-amazon.com/images/I/71daropMEVL.jpg","TONOR XLR Condenser Microphone, Professional Cardioid Studio Mic Kit with T20 Boom Arm, Shock Mount, Pop Filter for Recording, Podcasting, Voice Over, Streaming, Home Studio, YouTube (TC20)","12912","11962","11213","8037","0","4.5","3419","B089SJGQBH","TONOR","10"
"https://m.media-amazon.com/images/I/61nkGt6dTbL.jpg;https://m.media-amazon.com/images/I/61m1jOjqDDL.jpg;https://m.media-amazon.com/images/I/61P8gQC7GtL.jpg;https://m.media-amazon.com/images/I/713lwQHVraL.jpg;https://m.media-amazon.com/images/I/61NciSL2skL.jpg;https://m.media-amazon.com/images/I/613uEf5UnKL.jpg;https://m.media-amazon.com/images/I/61adY6Ixf1L.jpg;https://m.media-amazon.com/images/I/71fHpbuh9cL.jpg","TONOR Cardioid Condenser Microphone, USB Computer Mic Kit with 24mm Diaphragm/Spider Shock Mount for Podcasting, Gaming, Streaming, YouTube, Voice Over, Studio/Home Recording, TC-2030","10960","9211","8636","8197","6","4.5","2324","B07TSN2H9D","TONOR",""
"https://m.media-amazon.com/images/I/713WTBAJZaL.jpg;https://m.media-amazon.com/images/I/71deepk5rqL.jpg;https://m.media-amazon.com/images/I/71mqGAE0zOL.jpg;https://m.media-amazon.com/images/I/71DVTe1dCiL.jpg;https://m.media-amazon.com/images/I/61PzeU4RRVL.jpg;https://m.media-amazon.com/images/I/71g-9KZznFL.jpg;https://m.media-amazon.com/images/I/71Bx0DgKV-L.jpg;https://m.media-amazon.com/images/I/61R0tDHzAEL.jpg","TONOR USB Microphone Kit, Streaming Podcast PC Cardioid Condenser Computer Mic for Gaming, YouTube Video, Recording Music, Voice Over, Studio Mic Bundle with Adjustment Arm Stand(TC40)","18420","10857","12464","15937","2","4.5","558","B08V1JS3NY","TONOR",""
"https://m.media-amazon.com/images/I/712HivfXiSL.jpg;https://m.media-amazon.com/images/I/61lZR82XV0L.jpg;https://m.media-amazon.com/images/I/71Rra00IHlL.jpg;https://m.media-amazon.com/images/I/71gt6BPSDWL.jpg;https://m.media-amazon.com/images/I/710OtNKKqqL.jpg;https://m.media-amazon.com/images/I/71FcZFPOGKL.jpg;https://m.media-amazon.com/images/I/71RU-yf8QkL.jpg","TONOR RGB USB Gaming Microphone Kit, Podcast Microphone for PC, One-tap Mute for Streaming, Cardioid Condenser Microphone for PS4/5 Gamer Youtuber, Studio Mic Bundle with Adjustment Arm Stand","8323","11273","14130","14495","11","4.5","539","B0BBL47VR5","TONOR",""
"https://m.media-amazon.com/images/I/61RdTzwYRML.jpg;https://m.media-amazon.com/images/I/719DW1pJP3L.jpg;https://m.media-amazon.com/images/I/617qDRu4g+L.jpg;https://m.media-amazon.com/images/I/61F9+pP0VUL.jpg;https://m.media-amazon.com/images/I/716k9WR7isL.jpg;https://m.media-amazon.com/images/I/71o0Xs1EycL.jpg;https://m.media-amazon.com/images/I/71ZoagW51CL.jpg;https://m.media-amazon.com/images/I/7118BLCkGiL.jpg","TONOR USB Microphone Computer Gaming Condenser Mic, Noise-Canceling Zero Latency Monitoring for Podcast/Recording/Livestreaming/Teleconferencing on PC/Mac/Android Device, Plug and Play, ORCA001","18781","15764","18478","15396","1","4.3","248","B09Z5Q194D","TONOR",""
"https://m.media-amazon.com/images/I/717PMCRa3gL.jpg;https://m.media-amazon.com/images/I/71G3qjyAJJL.jpg;https://m.media-amazon.com/images/I/813gM+5N6mL.jpg;https://m.media-amazon.com/images/I/71qzUzf1MDL.jpg;https://m.media-amazon.com/images/I/81Icp7d4fBL.jpg;https://m.media-amazon.com/images/I/81nYEqhgpaL.jpg;https://m.media-amazon.com/images/I/71UvjM4rO2L.jpg;https://m.media-amazon.com/images/I/81hQh6GYsTL.jpg;https://m.media-amazon.com/images/I/71ETJeRIXnL.jpg","TONOR Wireless Karaoke Machine for Adults, PA System Portable Singing Speaker with Dual Wireless Microphones Microfono, Disco Ball for Home Karaoke, Party, Class and Church K20","","","","60638","0","4.1","1065","B083LPYPS9","TONOR",""
"https://m.media-amazon.com/images/I/812fwxqTbVL.jpg;https://m.media-amazon.com/images/I/71MP9LbunXL.jpg;https://m.media-amazon.com/images/I/71N9wTknP5L.jpg;https://m.media-amazon.com/images/I/81rvYg6DCEL.jpg;https://m.media-amazon.com/images/I/71KUbO4MQNL.jpg;https://m.media-amazon.com/images/I/81uHrxjW9+L.jpg;https://m.media-amazon.com/images/I/71ZIG1otRrL.jpg;https://m.media-amazon.com/images/I/71JLI1FyUtL.jpg","TONOR Karaoke Machine for Adults, Portable Speaker with 2 UHF Wireless Microphones and LED Lights, Supports AUX/USB/Type C/TF Card, PA System for Party, Home Karaoke, Outdoor Activities (K9)","","","","46517","0","4.2","189","B0BGL16PJR","TONOR",""
"https://m.media-amazon.com/images/I/61AcbvaDqnL.jpg;https://m.media-amazon.com/images/I/61m1jOjqDDL.jpg;https://m.media-amazon.com/images/I/71LqxRo9kUL.jpg;https://m.media-amazon.com/images/I/71RaJxITj0L.jpg;https://m.media-amazon.com/images/I/71idOfRxArL.jpg;https://m.media-amazon.com/images/I/61r9aLKFGNL.jpg;https://m.media-amazon.com/images/I/71qxXQElwPL.jpg;https://m.media-amazon.com/images/I/71nfBYYF6tL.jpg;https://m.media-amazon.com/images/I/716T3SjiOnL.jpg","TONOR USB Microphone Kit, PC Podcast Recording Cardioid Condenser Computer Mic Set for Gaming, Streaming, Singing, Voice Over, YouTube, Studio Mic Bundle with Adjustable Arm Stand, TC30+","17267","15007","14477","10051","0","4.4","1482","B0BG8CJXHH","TONOR",""
"https://m.media-amazon.com/images/I/61OvT8fvwnL.jpg;https://m.media-amazon.com/images/I/81PT9n6u4rL.jpg;https://m.media-amazon.com/images/I/718cq4CIWPL.jpg;https://m.media-amazon.com/images/I/61RdlQgOZvL.jpg;https://m.media-amazon.com/images/I/71Q0SSeDTsL.jpg;https://m.media-amazon.com/images/I/71rwGB1V+EL.jpg;https://m.media-amazon.com/images/I/71Fx+L1EotL.jpg","TONOR USB Gaming Microphone, RGB Streaming Microfono Set, PC Podcast Recording Computer Mic for PS4/5, Discord, Twitch, Cardioid Condenser Mic with Adjustable Boom Arm Stand TC30S+","21212","19774","15893","11565","1","4.4","531","B0BRCR2QQ7","TONOR",""
"https://m.media-amazon.com/images/I/71+JMF4sLqL.jpg;https://m.media-amazon.com/images/I/71l6Fv2BHSL.jpg;https://m.media-amazon.com/images/I/715eRKii20L.jpg;https://m.media-amazon.com/images/I/61nZAKeHOCL.jpg;https://m.media-amazon.com/images/I/71bVC0AGYHL.jpg;https://m.media-amazon.com/images/I/71Mnyh490uL.jpg;https://m.media-amazon.com/images/I/81jknJXNSdL.jpg;https://m.media-amazon.com/images/I/71VsOTbyjEL.jpg","TONOR TM310 USB Conference Microphone for Laptop, Adjustable Computer PC Mic with Mute Button & LED Indicator for Video Call Meeting, Mic for Desktop Zoom Skype YouTube, Plug-Play for MacOS Windows","27569","16617","14472","20929","13","4.3","493","B0CSCT63BL","TONOR",""
"https://m.media-amazon.com/images/I/61n8albNFfL.jpg;https://m.media-amazon.com/images/I/71+Q4axJ7GL.jpg;https://m.media-amazon.com/images/I/71xkMN7u8PL.jpg;https://m.media-amazon.com/images/I/71IDnNn34iL.jpg;https://m.media-amazon.com/images/I/71Ob1p2C9JL.jpg;https://m.media-amazon.com/images/I/71xkDVU3iiL.jpg;https://m.media-amazon.com/images/I/71Jps2W4-0L.jpg;https://m.media-amazon.com/images/I/71hsFRu7FJL.jpg;https://m.media-amazon.com/images/I/71N3x8mDgNL.jpg","TONOR RGB Dynamic Karaoke Microphone for Singing with 5M XLR Cable, XLR Handheld Wired Microfono, Compatible with Karaoke Machine/Speaker/Amp/Mixer for Karaoke Singing, Speech, and Outdoor Activity","17710","16990","17034","5056","0","4.5","14","B0CQX4GVSB","TONOR",""
"https://m.media-amazon.com/images/I/717hjR59R-L.jpg;https://m.media-amazon.com/images/I/71kDYITwQ9L.jpg;https://m.media-amazon.com/images/I/716uuRFnVVL.jpg;https://m.media-amazon.com/images/I/71R2MDbuq8L.jpg;https://m.media-amazon.com/images/I/71HGvlnq6HL.jpg;https://m.media-amazon.com/images/I/71R8Defb4jL.jpg;https://m.media-amazon.com/images/I/71i2PRAD+9L.jpg","TONOR USB/XLR Microphone, Broadcast-Quality Dynamic Studio PC Mic with Boom Arm for Podcasting Recording Gaming Music Streaming Singing Voice-Over Noise Rejection, with 3.5mm Headphones Jack TD510+","24254","23687","20183","19398","0","4.6","1192","B0CCVBQRFX","TONOR",""
"https://m.media-amazon.com/images/I/61Ov1ox7VRL.jpg;https://m.media-amazon.com/images/I/71Xf5e1s6AL.jpg;https://m.media-amazon.com/images/I/71tUAG5-JFL.jpg;https://m.media-amazon.com/images/I/71pnc5Jdo0L.jpg;https://m.media-amazon.com/images/I/61YC4pbhOJL.jpg;https://m.media-amazon.com/images/I/71TYoQjWejL.jpg;https://m.media-amazon.com/images/I/71adtjNDUyL.jpg","Tonor Mic Arm Desk Mount, Low Profile Boom Arm, Microphone Arm, Adjustable Mic Stand with Desk Mount Clamp, Cable Management, 3/8’’ and 5/8’’ Screwadapter for Most Microphone, Black, T20LP","12934","12644","9694","8622","0","4.4","1267","B0CFKHCQ8W","TONOR","10"
"https://m.media-amazon.com/images/I/71zt4Y9A1PL.jpg;https://m.media-amazon.com/images/I/71bOvR1bm7L.jpg;https://m.media-amazon.com/images/I/71Irac7TUGL.jpg;https://m.media-amazon.com/images/I/813YqpqlsGL.jpg;https://m.media-amazon.com/images/I/61P9owYwcLL.jpg;https://m.media-amazon.com/images/I/71jJt6lSngL.jpg;https://m.media-amazon.com/images/I/71NMKi1UGBL.jpg;https://m.media-amazon.com/images/I/71smaTnZxfL.jpg;https://m.media-amazon.com/images/I/61F0NUW5LXL.jpg","TONOR Top Ring Light Kit, 10 Inch Ring Light with Heavy Duty Bracket Arm and Phone Holder for Video Recording, Live Streaming, Drawing, Nail Makeup","516496","405180","353398","382499","1","3.9","490","B0CH9JR3HL","TONOR",""