date,Advertised ASIN,Spend,adGroupName,ams_orders,campaignId,14 Day Total Units (#),Impressions,Advertised SKU,adGroupId,14 Day Total Sales (₹),Clicks,campaignName
2026-05-01,B0CPFS24ML,0.0,Ad group - 12/6/2024 17:08:03.405,0,345581971318844,0,0,FBA79167,397512330910808,0.0,0,SD_VR_Z Shape Desk_BMC
2026-05-02,B0CPFS24ML,0.0,Ad group - 12/6/2024 17:08:03.405,0,345581971318844,0,0,FBA79167,397512330910808,0.0,0,SD_VR_Z Shape Desk_BMC
2026-05-03,B0CPFS24ML,0.0,Ad group - 12/6/2024 17:08:03.405,0,345581971318844,0,0,FBA79167,397512330910808,0.0,0,SD_VR_Z Shape Desk_BMC
2026-05-04,B0CPFS24ML,0.0,Ad group - 12/6/2024 17:08:03.405,0,345581971318844,0,0,FBA79167,397512330910808,0.0,0,SD_VR_Z Shape Desk_BMC
2026-05-05,B0CPFS24ML,0.0,Ad group - 12/6/2024 17:08:03.405,0,345581971318844,0,0,FBA79167,397512330910808,0.0,0,SD_VR_Z Shape Desk_BMC
2026-05-06,B0CPFS24ML,0.0,Ad group - 12/6/2024 17:08:03.405,0,345581971318844,0,0,FBA79167,397512330910808,0.0,0,SD_VR_Z Shape Desk_BMC
2026-05-07,B0CPFS24ML,0.0,Ad group - 12/6/2024 17:08:03.405,0,345581971318844,0,0,FBA79167,397512330910808,0.0,0,SD_VR_Z Shape Desk_BMC
2026-05-08,B0CPFS24ML,0.0,Ad group - 12/6/2024 17:08:03.405,0,345581971318844,0,0,FBA79167,397512330910808,0.0,0,SD_VR_Z Shape Desk_BMC
2026-05-09,B0CPFS24ML,0.0,Ad group - 12/6/2024 17:08:03.405,0,345581971318844,0,0,FBA79167,397512330910808,0.0,0,SD_VR_Z Shape Desk_BMC
2026-05-10,B0CPFS24ML,0.0,Ad group - 12/6/2024 17:08:03.405,0,345581971318844,0,0,FBA79167,397512330910808,0.0,0,SD_VR_Z Shape Desk_BMC
2026-05-11,B0CPFS24ML,0.0,Ad group - 12/6/2024 17:08:03.405,0,345581971318844,0,0,FBA79167,397512330910808,0.0,0,SD_VR_Z Shape Desk_BMC
2026-05-12,B0CPFS24ML,0.0,Ad group - 12/6/2024 17:08:03.405,0,345581971318844,0,0,FBA79167,397512330910808,0.0,0,SD_VR_Z Shape Desk_BMC
2026-05-13,B0CPFS24ML,0.0,Ad group - 12/6/2024 17:08:03.405,0,345581971318844,0,0,FBA79167,397512330910808,0.0,0,SD_VR_Z Shape Desk_BMC
2026-05-14,B0CPFS24ML,0.0,Ad group - 12/6/2024 17:08:03.405,0,345581971318844,0,0,FBA79167,397512330910808,0.0,0,SD_VR_Z Shape Desk_BMC
2026-05-15,B0CPFS24ML,0.0,Ad group - 12/6/2024 17:08:03.405,0,345581971318844,0,0,FBA79167,397512330910808,0.0,0,SD_VR_Z Shape Desk_BMC
2026-05-16,B0CPFS24ML,0.0,Ad group - 12/6/2024 17:08:03.405,0,345581971318844,0,0,FBA79167,397512330910808,0.0,0,SD_VR_Z Shape Desk_BMC
2026-05-17,B0CPFS24ML,0.0,Ad group - 12/6/2024 17:08:03.405,0,345581971318844,0,0,FBA79167,397512330910808,0.0,0,SD_VR_Z Shape Desk_BMC
2026-05-18,B0CPFS24ML,0.0,Ad group - 12/6/2024 17:08:03.405,0,345581971318844,0,0,FBA79167,397512330910808,0.0,0,SD_VR_Z Shape Desk_BMC
2026-05-19,B0CPFS24ML,0.0,Ad group - 12/6/2024 17:08:03.405,0,345581971318844,0,0,FBA79167,397512330910808,0.0,0,SD_VR_Z Shape Desk_BMC
2026-05-20,B0CPFS24ML,0.0,Ad group - 12/6/2024 17:08:03.405,0,345581971318844,0,0,FBA79167,397512330910808,0.0,0,SD_VR_Z Shape Desk_BMC
2026-05-21,B0CPFS24ML,0.0,Ad group - 12/6/2024 17:08:03.405,0,345581971318844,0,0,FBA79167,397512330910808,0.0,0,SD_VR_Z Shape Desk_BMC
2026-05-01,B0CPFS24ML,0.0,White Mulberry - Desks- Large,0,361078712059932,0,0,FBA79167,473670246598934,0.0,0,SD_VRM_Top Selling ASINs 8c3467
2026-05-02,B0CPFS24ML,0.0,White Mulberry - Desks- Large,0,361078712059932,0,0,FBA79167,473670246598934,0.0,0,SD_VRM_Top Selling ASINs 8c3467
2026-05-03,B0CPFS24ML,0.0,White Mulberry - Desks- Large,0,361078712059932,0,0,FBA79167,473670246598934,0.0,0,SD_VRM_Top Selling ASINs 8c3467
2026-05-04,B0CPFS24ML,0.0,White Mulberry - Desks- Large,0,361078712059932,0,0,FBA79167,473670246598934,0.0,0,SD_VRM_Top Selling ASINs 8c3467
2026-05-05,B0CPFS24ML,0.0,White Mulberry - Desks- Large,0,361078712059932,0,0,FBA79167,473670246598934,0.0,0,SD_VRM_Top Selling ASINs 8c3467
2026-05-06,B0CPFS24ML,0.0,White Mulberry - Desks- Large,0,361078712059932,0,0,FBA79167,473670246598934,0.0,0,SD_VRM_Top Selling ASINs 8c3467
2026-05-07,B0CPFS24ML,0.0,White Mulberry - Desks- Large,0,361078712059932,0,0,FBA79167,473670246598934,0.0,0,SD_VRM_Top Selling ASINs 8c3467
2026-05-08,B0CPFS24ML,0.0,White Mulberry - Desks- Large,0,361078712059932,0,0,FBA79167,473670246598934,0.0,0,SD_VRM_Top Selling ASINs 8c3467
2026-05-09,B0CPFS24ML,0.0,White Mulberry - Desks- Large,0,361078712059932,0,0,FBA79167,473670246598934,0.0,0,SD_VRM_Top Selling ASINs 8c3467
2026-05-10,B0CPFS24ML,0.0,White Mulberry - Desks- Large,0,361078712059932,0,0,FBA79167,473670246598934,0.0,0,SD_VRM_Top Selling ASINs 8c3467
2026-05-11,B0CPFS24ML,0.0,White Mulberry - Desks- Large,0,361078712059932,0,0,FBA79167,473670246598934,0.0,0,SD_VRM_Top Selling ASINs 8c3467
2026-05-12,B0CPFS24ML,0.0,White Mulberry - Desks- Large,0,361078712059932,0,0,FBA79167,473670246598934,0.0,0,SD_VRM_Top Selling ASINs 8c3467
2026-05-13,B0CPFS24ML,0.0,White Mulberry - Desks- Large,0,361078712059932,0,0,FBA79167,473670246598934,0.0,0,SD_VRM_Top Selling ASINs 8c3467
2026-05-14,B0CPFS24ML,0.0,White Mulberry - Desks- Large,0,361078712059932,0,0,FBA79167,473670246598934,0.0,0,SD_VRM_Top Selling ASINs 8c3467
2026-05-15,B0CPFS24ML,0.0,White Mulberry - Desks- Large,0,361078712059932,0,0,FBA79167,473670246598934,0.0,0,SD_VRM_Top Selling ASINs 8c3467
2026-05-16,B0CPFS24ML,0.0,White Mulberry - Desks- Large,0,361078712059932,0,0,FBA79167,473670246598934,0.0,0,SD_VRM_Top Selling ASINs 8c3467
2026-05-17,B0CPFS24ML,0.0,White Mulberry - Desks- Large,0,361078712059932,0,0,FBA79167,473670246598934,0.0,0,SD_VRM_Top Selling ASINs 8c3467
2026-05-18,B0CPFS24ML,0.0,White Mulberry - Desks- Large,0,361078712059932,0,0,FBA79167,473670246598934,0.0,0,SD_VRM_Top Selling ASINs 8c3467
2026-05-19,B0CPFS24ML,0.0,White Mulberry - Desks- Large,0,361078712059932,0,0,FBA79167,473670246598934,0.0,0,SD_VRM_Top Selling ASINs 8c3467
2026-05-20,B0CPFS24ML,0.0,White Mulberry - Desks- Large,0,361078712059932,0,0,FBA79167,473670246598934,0.0,0,SD_VRM_Top Selling ASINs 8c3467
2026-05-21,B0CPFS24ML,0.0,White Mulberry - Desks- Large,0,361078712059932,0,0,FBA79167,473670246598934,0.0,0,SD_VRM_Top Selling ASINs 8c3467
2026-05-04,B0BFW59TRG,38.99,Desks- Large,0,52361096360685,0,1358,FBA76416,377856311966366,0.0,4,L-Shape - SD Views RMKTNG - Apr'26 a30650
2026-05-05,B0BFW59TRG,0.0,Desks- Large,0,52361096360685,0,0,FBA76416,377856311966366,0.0,0,L-Shape - SD Views RMKTNG - Apr'26 a30650
2026-05-06,B0BFW59TRG,0.0,Desks- Large,0,52361096360685,0,0,FBA76416,377856311966366,0.0,0,L-Shape - SD Views RMKTNG - Apr'26 a30650
2026-05-07,B0BFW59TRG,0.0,Desks- Large,0,52361096360685,0,0,FBA76416,377856311966366,0.0,0,L-Shape - SD Views RMKTNG - Apr'26 a30650
2026-05-08,B0BFW59TRG,0.0,Desks- Large,0,52361096360685,0,0,FBA76416,377856311966366,0.0,0,L-Shape - SD Views RMKTNG - Apr'26 a30650
2026-05-09,B0BFW59TRG,0.0,Desks- Large,0,52361096360685,0,0,FBA76416,377856311966366,0.0,0,L-Shape - SD Views RMKTNG - Apr'26 a30650
2026-05-10,B0BFW59TRG,0.0,Desks- Large,0,52361096360685,0,0,FBA76416,377856311966366,0.0,0,L-Shape - SD Views RMKTNG - Apr'26 a30650
2026-05-11,B0BFW59TRG,0.0,Desks- Large,0,52361096360685,0,0,FBA76416,377856311966366,0.0,0,L-Shape - SD Views RMKTNG - Apr'26 a30650
2026-05-12,B0BFW59TRG,0.0,Desks- Large,0,52361096360685,0,0,FBA76416,377856311966366,0.0,0,L-Shape - SD Views RMKTNG - Apr'26 a30650
2026-05-13,B0BFW59TRG,0.0,Desks- Large,0,52361096360685,0,0,FBA76416,377856311966366,0.0,0,L-Shape - SD Views RMKTNG - Apr'26 a30650
2026-05-14,B0BFW59TRG,0.0,Desks- Large,0,52361096360685,0,0,FBA76416,377856311966366,0.0,0,L-Shape - SD Views RMKTNG - Apr'26 a30650
2026-05-15,B0BFW59TRG,0.0,Desks- Large,0,52361096360685,0,0,FBA76416,377856311966366,0.0,0,L-Shape - SD Views RMKTNG - Apr'26 a30650
2026-05-16,B0BFW59TRG,0.0,Desks- Large,0,52361096360685,0,0,FBA76416,377856311966366,0.0,0,L-Shape - SD Views RMKTNG - Apr'26 a30650
2026-05-17,B0BFW59TRG,0.0,Desks- Large,0,52361096360685,0,0,FBA76416,377856311966366,0.0,0,L-Shape - SD Views RMKTNG - Apr'26 a30650
2026-05-18,B0BFW59TRG,0.0,Desks- Large,0,52361096360685,0,0,FBA76416,377856311966366,0.0,0,L-Shape - SD Views RMKTNG - Apr'26 a30650
2026-05-19,B0BFW59TRG,0.0,Desks- Large,0,52361096360685,0,0,FBA76416,377856311966366,0.0,0,L-Shape - SD Views RMKTNG - Apr'26 a30650
2026-05-20,B0BFW59TRG,0.0,Desks- Large,0,52361096360685,0,0,FBA76416,377856311966366,0.0,0,L-Shape - SD Views RMKTNG - Apr'26 a30650
2026-05-21,B0BFW59TRG,0.0,Desks- Large,0,52361096360685,0,0,FBA76416,377856311966366,0.0,0,L-Shape - SD Views RMKTNG - Apr'26 a30650
2026-05-04,B0BFVMDJ2K,91.34,Desks- Large,0,52361096360685,0,4374,FBA76417,377856311966366,0.0,9,L-Shape - SD Views RMKTNG - Apr'26 a30650
2026-05-05,B0BFVMDJ2K,0.0,Desks- Large,0,52361096360685,0,0,FBA76417,377856311966366,0.0,0,L-Shape - SD Views RMKTNG - Apr'26 a30650
2026-05-06,B0BFVMDJ2K,0.0,Desks- Large,0,52361096360685,0,0,FBA76417,377856311966366,0.0,0,L-Shape - SD Views RMKTNG - Apr'26 a30650
2026-05-07,B0BFVMDJ2K,0.0,Desks- Large,0,52361096360685,0,0,FBA76417,377856311966366,0.0,0,L-Shape - SD Views RMKTNG - Apr'26 a30650
2026-05-08,B0BFVMDJ2K,0.0,Desks- Large,0,52361096360685,0,0,FBA76417,377856311966366,0.0,0,L-Shape - SD Views RMKTNG - Apr'26 a30650
2026-05-09,B0BFVMDJ2K,0.0,Desks- Large,0,52361096360685,0,0,FBA76417,377856311966366,0.0,0,L-Shape - SD Views RMKTNG - Apr'26 a30650
2026-05-10,B0BFVMDJ2K,0.0,Desks- Large,0,52361096360685,0,0,FBA76417,377856311966366,0.0,0,L-Shape - SD Views RMKTNG - Apr'26 a30650
2026-05-11,B0BFVMDJ2K,0.0,Desks- Large,0,52361096360685,0,0,FBA76417,377856311966366,0.0,0,L-Shape - SD Views RMKTNG - Apr'26 a30650
2026-05-12,B0BFVMDJ2K,0.0,Desks- Large,0,52361096360685,0,0,FBA76417,377856311966366,0.0,0,L-Shape - SD Views RMKTNG - Apr'26 a30650
2026-05-13,B0BFVMDJ2K,0.0,Desks- Large,0,52361096360685,0,0,FBA76417,377856311966366,0.0,0,L-Shape - SD Views RMKTNG - Apr'26 a30650
2026-05-14,B0BFVMDJ2K,0.0,Desks- Large,0,52361096360685,0,0,FBA76417,377856311966366,0.0,0,L-Shape - SD Views RMKTNG - Apr'26 a30650
2026-05-15,B0BFVMDJ2K,0.0,Desks- Large,0,52361096360685,0,0,FBA76417,377856311966366,0.0,0,L-Shape - SD Views RMKTNG - Apr'26 a30650
2026-05-16,B0BFVMDJ2K,0.0,Desks- Large,0,52361096360685,0,0,FBA76417,377856311966366,0.0,0,L-Shape - SD Views RMKTNG - Apr'26 a30650
2026-05-17,B0BFVMDJ2K,0.0,Desks- Large,0,52361096360685,0,0,FBA76417,377856311966366,0.0,0,L-Shape - SD Views RMKTNG - Apr'26 a30650
2026-05-18,B0BFVMDJ2K,0.0,Desks- Large,0,52361096360685,0,0,FBA76417,377856311966366,0.0,0,L-Shape - SD Views RMKTNG - Apr'26 a30650
2026-05-19,B0BFVMDJ2K,0.0,Desks- Large,0,52361096360685,0,0,FBA76417,377856311966366,0.0,0,L-Shape - SD Views RMKTNG - Apr'26 a30650
2026-05-20,B0BFVMDJ2K,0.0,Desks- Large,0,52361096360685,0,0,FBA76417,377856311966366,0.0,0,L-Shape - SD Views RMKTNG - Apr'26 a30650
2026-05-21,B0BFVMDJ2K,0.0,Desks- Large,0,52361096360685,0,0,FBA76417,377856311966366,0.0,0,L-Shape - SD Views RMKTNG - Apr'26 a30650
2026-05-04,B0BFVNS8HS,8.48,Desks- Large,0,52361096360685,0,1065,FBA76418,377856311966366,0.0,1,L-Shape - SD Views RMKTNG - Apr'26 a30650
2026-05-05,B0BFVNS8HS,0.0,Desks- Large,0,52361096360685,0,0,FBA76418,377856311966366,0.0,0,L-Shape - SD Views RMKTNG - Apr'26 a30650
2026-05-06,B0BFVNS8HS,0.0,Desks- Large,0,52361096360685,0,0,FBA76418,377856311966366,0.0,0,L-Shape - SD Views RMKTNG - Apr'26 a30650
2026-05-07,B0BFVNS8HS,0.0,Desks- Large,0,52361096360685,0,0,FBA76418,377856311966366,0.0,0,L-Shape - SD Views RMKTNG - Apr'26 a30650
2026-05-08,B0BFVNS8HS,0.0,Desks- Large,0,52361096360685,0,0,FBA76418,377856311966366,0.0,0,L-Shape - SD Views RMKTNG - Apr'26 a30650
2026-05-09,B0BFVNS8HS,0.0,Desks- Large,0,52361096360685,0,0,FBA76418,377856311966366,0.0,0,L-Shape - SD Views RMKTNG - Apr'26 a30650
2026-05-10,B0BFVNS8HS,0.0,Desks- Large,0,52361096360685,0,0,FBA76418,377856311966366,0.0,0,L-Shape - SD Views RMKTNG - Apr'26 a30650
2026-05-11,B0BFVNS8HS,0.0,Desks- Large,0,52361096360685,0,0,FBA76418,377856311966366,0.0,0,L-Shape - SD Views RMKTNG - Apr'26 a30650
2026-05-12,B0BFVNS8HS,0.0,Desks- Large,0,52361096360685,0,0,FBA76418,377856311966366,0.0,0,L-Shape - SD Views RMKTNG - Apr'26 a30650
2026-05-13,B0BFVNS8HS,0.0,Desks- Large,0,52361096360685,0,0,FBA76418,377856311966366,0.0,0,L-Shape - SD Views RMKTNG - Apr'26 a30650
2026-05-14,B0BFVNS8HS,0.0,Desks- Large,0,52361096360685,0,0,FBA76418,377856311966366,0.0,0,L-Shape - SD Views RMKTNG - Apr'26 a30650
2026-05-15,B0BFVNS8HS,0.0,Desks- Large,0,52361096360685,0,0,FBA76418,377856311966366,0.0,0,L-Shape - SD Views RMKTNG - Apr'26 a30650
2026-05-16,B0BFVNS8HS,0.0,Desks- Large,0,52361096360685,0,0,FBA76418,377856311966366,0.0,0,L-Shape - SD Views RMKTNG - Apr'26 a30650
2026-05-17,B0BFVNS8HS,0.0,Desks- Large,0,52361096360685,0,0,FBA76418,377856311966366,0.0,0,L-Shape - SD Views RMKTNG - Apr'26 a30650
2026-05-18,B0BFVNS8HS,0.0,Desks- Large,0,52361096360685,0,0,FBA76418,377856311966366,0.0,0,L-Shape - SD Views RMKTNG - Apr'26 a30650
2026-05-19,B0BFVNS8HS,0.0,Desks- Large,0,52361096360685,0,0,FBA76418,377856311966366,0.0,0,L-Shape - SD Views RMKTNG - Apr'26 a30650
2026-05-20,B0BFVNS8HS,0.0,Desks- Large,0,52361096360685,0,0,FBA76418,377856311966366,0.0,0,L-Shape - SD Views RMKTNG - Apr'26 a30650
2026-05-21,B0BFVNS8HS,0.0,Desks- Large,0,52361096360685,0,0,FBA76418,377856311966366,0.0,0,L-Shape - SD Views RMKTNG - Apr'26 a30650
2026-05-04,B0BFW59TRG,0.0,White Mulberry - Desks- Large,0,112616207373140,0,80,FBA76416,348696544283754,0.0,0,L-Shape SD Purchase RMKTNG - Apr'26 f19c32
2026-05-05,B0BFW59TRG,0.0,White Mulberry - Desks- Large,0,112616207373140,0,0,FBA76416,348696544283754,0.0,0,L-Shape SD Purchase RMKTNG - Apr'26 f19c32
2026-05-06,B0BFW59TRG,0.0,White Mulberry - Desks- Large,0,112616207373140,0,0,FBA76416,348696544283754,0.0,0,L-Shape SD Purchase RMKTNG - Apr'26 f19c32
2026-05-07,B0BFW59TRG,0.0,White Mulberry - Desks- Large,0,112616207373140,0,0,FBA76416,348696544283754,0.0,0,L-Shape SD Purchase RMKTNG - Apr'26 f19c32
2026-05-08,B0BFW59TRG,0.0,White Mulberry - Desks- Large,0,112616207373140,0,0,FBA76416,348696544283754,0.0,0,L-Shape SD Purchase RMKTNG - Apr'26 f19c32
2026-05-09,B0BFW59TRG,0.0,White Mulberry - Desks- Large,0,112616207373140,0,0,FBA76416,348696544283754,0.0,0,L-Shape SD Purchase RMKTNG - Apr'26 f19c32
2026-05-10,B0BFW59TRG,0.0,White Mulberry - Desks- Large,0,112616207373140,0,0,FBA76416,348696544283754,0.0,0,L-Shape SD Purchase RMKTNG - Apr'26 f19c32
2026-05-11,B0BFW59TRG,0.0,White Mulberry - Desks- Large,0,112616207373140,0,0,FBA76416,348696544283754,0.0,0,L-Shape SD Purchase RMKTNG - Apr'26 f19c32
2026-05-12,B0BFW59TRG,0.0,White Mulberry - Desks- Large,0,112616207373140,0,0,FBA76416,348696544283754,0.0,0,L-Shape SD Purchase RMKTNG - Apr'26 f19c32
2026-05-13,B0BFW59TRG,0.0,White Mulberry - Desks- Large,0,112616207373140,0,0,FBA76416,348696544283754,0.0,0,L-Shape SD Purchase RMKTNG - Apr'26 f19c32
2026-05-14,B0BFW59TRG,0.0,White Mulberry - Desks- Large,0,112616207373140,0,0,FBA76416,348696544283754,0.0,0,L-Shape SD Purchase RMKTNG - Apr'26 f19c32
2026-05-15,B0BFW59TRG,0.0,White Mulberry - Desks- Large,0,112616207373140,0,0,FBA76416,348696544283754,0.0,0,L-Shape SD Purchase RMKTNG - Apr'26 f19c32
2026-05-16,B0BFW59TRG,0.0,White Mulberry - Desks- Large,0,112616207373140,0,0,FBA76416,348696544283754,0.0,0,L-Shape SD Purchase RMKTNG - Apr'26 f19c32
2026-05-17,B0BFW59TRG,0.0,White Mulberry - Desks- Large,0,112616207373140,0,0,FBA76416,348696544283754,0.0,0,L-Shape SD Purchase RMKTNG - Apr'26 f19c32
2026-05-18,B0BFW59TRG,0.0,White Mulberry - Desks- Large,0,112616207373140,0,0,FBA76416,348696544283754,0.0,0,L-Shape SD Purchase RMKTNG - Apr'26 f19c32
2026-05-19,B0BFW59TRG,0.0,White Mulberry - Desks- Large,0,112616207373140,0,0,FBA76416,348696544283754,0.0,0,L-Shape SD Purchase RMKTNG - Apr'26 f19c32
2026-05-20,B0BFW59TRG,0.0,White Mulberry - Desks- Large,0,112616207373140,0,0,FBA76416,348696544283754,0.0,0,L-Shape SD Purchase RMKTNG - Apr'26 f19c32
2026-05-21,B0BFW59TRG,0.0,White Mulberry - Desks- Large,0,112616207373140,0,0,FBA76416,348696544283754,0.0,0,L-Shape SD Purchase RMKTNG - Apr'26 f19c32
2026-05-04,B0BFVMDJ2K,9.02,White Mulberry - Desks- Large,0,112616207373140,0,124,FBA76417,348696544283754,0.0,1,L-Shape SD Purchase RMKTNG - Apr'26 f19c32
2026-05-05,B0BFVMDJ2K,0.0,White Mulberry - Desks- Large,0,112616207373140,0,0,FBA76417,348696544283754,0.0,0,L-Shape SD Purchase RMKTNG - Apr'26 f19c32
2026-05-06,B0BFVMDJ2K,0.0,White Mulberry - Desks- Large,0,112616207373140,0,0,FBA76417,348696544283754,0.0,0,L-Shape SD Purchase RMKTNG - Apr'26 f19c32
2026-05-07,B0BFVMDJ2K,0.0,White Mulberry - Desks- Large,0,112616207373140,0,0,FBA76417,348696544283754,0.0,0,L-Shape SD Purchase RMKTNG - Apr'26 f19c32
2026-05-08,B0BFVMDJ2K,0.0,White Mulberry - Desks- Large,0,112616207373140,0,0,FBA76417,348696544283754,0.0,0,L-Shape SD Purchase RMKTNG - Apr'26 f19c32
2026-05-09,B0BFVMDJ2K,0.0,White Mulberry - Desks- Large,0,112616207373140,0,0,FBA76417,348696544283754,0.0,0,L-Shape SD Purchase RMKTNG - Apr'26 f19c32
2026-05-10,B0BFVMDJ2K,0.0,White Mulberry - Desks- Large,0,112616207373140,0,0,FBA76417,348696544283754,0.0,0,L-Shape SD Purchase RMKTNG - Apr'26 f19c32
2026-05-11,B0BFVMDJ2K,0.0,White Mulberry - Desks- Large,0,112616207373140,0,0,FBA76417,348696544283754,0.0,0,L-Shape SD Purchase RMKTNG - Apr'26 f19c32
2026-05-12,B0BFVMDJ2K,0.0,White Mulberry - Desks- Large,0,112616207373140,0,0,FBA76417,348696544283754,0.0,0,L-Shape SD Purchase RMKTNG - Apr'26 f19c32
2026-05-13,B0BFVMDJ2K,0.0,White Mulberry - Desks- Large,0,112616207373140,0,0,FBA76417,348696544283754,0.0,0,L-Shape SD Purchase RMKTNG - Apr'26 f19c32
2026-05-14,B0BFVMDJ2K,0.0,White Mulberry - Desks- Large,0,112616207373140,0,0,FBA76417,348696544283754,0.0,0,L-Shape SD Purchase RMKTNG - Apr'26 f19c32
2026-05-15,B0BFVMDJ2K,0.0,White Mulberry - Desks- Large,0,112616207373140,0,0,FBA76417,348696544283754,0.0,0,L-Shape SD Purchase RMKTNG - Apr'26 f19c32
2026-05-16,B0BFVMDJ2K,0.0,White Mulberry - Desks- Large,0,112616207373140,0,0,FBA76417,348696544283754,0.0,0,L-Shape SD Purchase RMKTNG - Apr'26 f19c32
2026-05-17,B0BFVMDJ2K,0.0,White Mulberry - Desks- Large,0,112616207373140,0,0,FBA76417,348696544283754,0.0,0,L-Shape SD Purchase RMKTNG - Apr'26 f19c32
2026-05-18,B0BFVMDJ2K,0.0,White Mulberry - Desks- Large,0,112616207373140,0,0,FBA76417,348696544283754,0.0,0,L-Shape SD Purchase RMKTNG - Apr'26 f19c32
2026-05-19,B0BFVMDJ2K,0.0,White Mulberry - Desks- Large,0,112616207373140,0,0,FBA76417,348696544283754,0.0,0,L-Shape SD Purchase RMKTNG - Apr'26 f19c32
2026-05-20,B0BFVMDJ2K,0.0,White Mulberry - Desks- Large,0,112616207373140,0,0,FBA76417,348696544283754,0.0,0,L-Shape SD Purchase RMKTNG - Apr'26 f19c32
2026-05-21,B0BFVMDJ2K,0.0,White Mulberry - Desks- Large,0,112616207373140,0,0,FBA76417,348696544283754,0.0,0,L-Shape SD Purchase RMKTNG - Apr'26 f19c32
2026-05-04,B0BFVNS8HS,0.0,White Mulberry - Desks- Large,0,112616207373140,0,69,FBA76418,348696544283754,0.0,0,L-Shape SD Purchase RMKTNG - Apr'26 f19c32
2026-05-05,B0BFVNS8HS,0.0,White Mulberry - Desks- Large,0,112616207373140,0,0,FBA76418,348696544283754,0.0,0,L-Shape SD Purchase RMKTNG - Apr'26 f19c32
2026-05-06,B0BFVNS8HS,0.0,White Mulberry - Desks- Large,0,112616207373140,0,0,FBA76418,348696544283754,0.0,0,L-Shape SD Purchase RMKTNG - Apr'26 f19c32
2026-05-07,B0BFVNS8HS,0.0,White Mulberry - Desks- Large,0,112616207373140,0,0,FBA76418,348696544283754,0.0,0,L-Shape SD Purchase RMKTNG - Apr'26 f19c32
2026-05-08,B0BFVNS8HS,0.0,White Mulberry - Desks- Large,0,112616207373140,0,0,FBA76418,348696544283754,0.0,0,L-Shape SD Purchase RMKTNG - Apr'26 f19c32
2026-05-09,B0BFVNS8HS,0.0,White Mulberry - Desks- Large,0,112616207373140,0,0,FBA76418,348696544283754,0.0,0,L-Shape SD Purchase RMKTNG - Apr'26 f19c32
2026-05-10,B0BFVNS8HS,0.0,White Mulberry - Desks- Large,0,112616207373140,0,0,FBA76418,348696544283754,0.0,0,L-Shape SD Purchase RMKTNG - Apr'26 f19c32
2026-05-11,B0BFVNS8HS,0.0,White Mulberry - Desks- Large,0,112616207373140,0,0,FBA76418,348696544283754,0.0,0,L-Shape SD Purchase RMKTNG - Apr'26 f19c32
2026-05-12,B0BFVNS8HS,0.0,White Mulberry - Desks- Large,0,112616207373140,0,0,FBA76418,348696544283754,0.0,0,L-Shape SD Purchase RMKTNG - Apr'26 f19c32
2026-05-13,B0BFVNS8HS,0.0,White Mulberry - Desks- Large,0,112616207373140,0,0,FBA76418,348696544283754,0.0,0,L-Shape SD Purchase RMKTNG - Apr'26 f19c32
2026-05-14,B0BFVNS8HS,0.0,White Mulberry - Desks- Large,0,112616207373140,0,0,FBA76418,348696544283754,0.0,0,L-Shape SD Purchase RMKTNG - Apr'26 f19c32
2026-05-15,B0BFVNS8HS,0.0,White Mulberry - Desks- Large,0,112616207373140,0,0,FBA76418,348696544283754,0.0,0,L-Shape SD Purchase RMKTNG - Apr'26 f19c32
2026-05-16,B0BFVNS8HS,0.0,White Mulberry - Desks- Large,0,112616207373140,0,0,FBA76418,348696544283754,0.0,0,L-Shape SD Purchase RMKTNG - Apr'26 f19c32
2026-05-17,B0BFVNS8HS,0.0,White Mulberry - Desks- Large,0,112616207373140,0,0,FBA76418,348696544283754,0.0,0,L-Shape SD Purchase RMKTNG - Apr'26 f19c32
2026-05-18,B0BFVNS8HS,0.0,White Mulberry - Desks- Large,0,112616207373140,0,0,FBA76418,348696544283754,0.0,0,L-Shape SD Purchase RMKTNG - Apr'26 f19c32
2026-05-19,B0BFVNS8HS,0.0,White Mulberry - Desks- Large,0,112616207373140,0,0,FBA76418,348696544283754,0.0,0,L-Shape SD Purchase RMKTNG - Apr'26 f19c32
2026-05-20,B0BFVNS8HS,0.0,White Mulberry - Desks- Large,0,112616207373140,0,0,FBA76418,348696544283754,0.0,0,L-Shape SD Purchase RMKTNG - Apr'26 f19c32
2026-05-21,B0BFVNS8HS,0.0,White Mulberry - Desks- Large,0,112616207373140,0,0,FBA76418,348696544283754,0.0,0,L-Shape SD Purchase RMKTNG - Apr'26 f19c32
2026-05-22,B0CPFS24ML,0.0,Ad group - 12/6/2024 17:08:03.405,0,345581971318844,0,0,FBA79167,397512330910808,0.0,0,SD_VR_Z Shape Desk_BMC
2026-05-23,B0CPFS24ML,0.0,Ad group - 12/6/2024 17:08:03.405,0,345581971318844,0,0,FBA79167,397512330910808,0.0,0,SD_VR_Z Shape Desk_BMC
2026-05-24,B0CPFS24ML,0.0,Ad group - 12/6/2024 17:08:03.405,0,345581971318844,0,0,FBA79167,397512330910808,0.0,0,SD_VR_Z Shape Desk_BMC
2026-05-25,B0CPFS24ML,0.0,Ad group - 12/6/2024 17:08:03.405,0,345581971318844,0,0,FBA79167,397512330910808,0.0,0,SD_VR_Z Shape Desk_BMC
2026-05-26,B0CPFS24ML,0.0,Ad group - 12/6/2024 17:08:03.405,0,345581971318844,0,0,FBA79167,397512330910808,0.0,0,SD_VR_Z Shape Desk_BMC
2026-05-27,B0CPFS24ML,0.0,Ad group - 12/6/2024 17:08:03.405,0,345581971318844,0,0,FBA79167,397512330910808,0.0,0,SD_VR_Z Shape Desk_BMC
2026-05-28,B0CPFS24ML,0.0,Ad group - 12/6/2024 17:08:03.405,0,345581971318844,0,0,FBA79167,397512330910808,0.0,0,SD_VR_Z Shape Desk_BMC
2026-05-29,B0CPFS24ML,0.0,Ad group - 12/6/2024 17:08:03.405,0,345581971318844,0,0,FBA79167,397512330910808,0.0,0,SD_VR_Z Shape Desk_BMC
2026-05-30,B0CPFS24ML,0.0,Ad group - 12/6/2024 17:08:03.405,0,345581971318844,0,0,FBA79167,397512330910808,0.0,0,SD_VR_Z Shape Desk_BMC
2026-05-31,B0CPFS24ML,0.0,Ad group - 12/6/2024 17:08:03.405,0,345581971318844,0,0,FBA79167,397512330910808,0.0,0,SD_VR_Z Shape Desk_BMC
2026-05-22,B0CPFS24ML,0.0,White Mulberry - Desks- Large,0,361078712059932,0,0,FBA79167,473670246598934,0.0,0,SD_VRM_Top Selling ASINs 8c3467
2026-05-23,B0CPFS24ML,0.0,White Mulberry - Desks- Large,0,361078712059932,0,0,FBA79167,473670246598934,0.0,0,SD_VRM_Top Selling ASINs 8c3467
2026-05-24,B0CPFS24ML,0.0,White Mulberry - Desks- Large,0,361078712059932,0,0,FBA79167,473670246598934,0.0,0,SD_VRM_Top Selling ASINs 8c3467
2026-05-25,B0CPFS24ML,0.0,White Mulberry - Desks- Large,0,361078712059932,0,0,FBA79167,473670246598934,0.0,0,SD_VRM_Top Selling ASINs 8c3467
2026-05-26,B0CPFS24ML,0.0,White Mulberry - Desks- Large,0,361078712059932,0,0,FBA79167,473670246598934,0.0,0,SD_VRM_Top Selling ASINs 8c3467
2026-05-27,B0CPFS24ML,0.0,White Mulberry - Desks- Large,0,361078712059932,0,0,FBA79167,473670246598934,0.0,0,SD_VRM_Top Selling ASINs 8c3467
2026-05-28,B0CPFS24ML,0.0,White Mulberry - Desks- Large,0,361078712059932,0,0,FBA79167,473670246598934,0.0,0,SD_VRM_Top Selling ASINs 8c3467
2026-05-29,B0CPFS24ML,0.0,White Mulberry - Desks- Large,0,361078712059932,0,0,FBA79167,473670246598934,0.0,0,SD_VRM_Top Selling ASINs 8c3467
2026-05-30,B0CPFS24ML,0.0,White Mulberry - Desks- Large,0,361078712059932,0,0,FBA79167,473670246598934,0.0,0,SD_VRM_Top Selling ASINs 8c3467
2026-05-31,B0CPFS24ML,0.0,White Mulberry - Desks- Large,0,361078712059932,0,0,FBA79167,473670246598934,0.0,0,SD_VRM_Top Selling ASINs 8c3467
2026-05-22,B0BFW59TRG,0.0,Desks- Large,0,52361096360685,0,0,FBA76416,377856311966366,0.0,0,L-Shape - SD Views RMKTNG - Apr'26 a30650
2026-05-23,B0BFW59TRG,0.0,Desks- Large,0,52361096360685,0,0,FBA76416,377856311966366,0.0,0,L-Shape - SD Views RMKTNG - Apr'26 a30650
2026-05-24,B0BFW59TRG,0.0,Desks- Large,0,52361096360685,0,0,FBA76416,377856311966366,0.0,0,L-Shape - SD Views RMKTNG - Apr'26 a30650
2026-05-25,B0BFW59TRG,0.0,Desks- Large,0,52361096360685,0,0,FBA76416,377856311966366,0.0,0,L-Shape - SD Views RMKTNG - Apr'26 a30650
2026-05-26,B0BFW59TRG,0.0,Desks- Large,0,52361096360685,0,0,FBA76416,377856311966366,0.0,0,L-Shape - SD Views RMKTNG - Apr'26 a30650
2026-05-27,B0BFW59TRG,0.0,Desks- Large,0,52361096360685,0,0,FBA76416,377856311966366,0.0,0,L-Shape - SD Views RMKTNG - Apr'26 a30650
2026-05-28,B0BFW59TRG,0.0,Desks- Large,0,52361096360685,0,0,FBA76416,377856311966366,0.0,0,L-Shape - SD Views RMKTNG - Apr'26 a30650
2026-05-29,B0BFW59TRG,0.0,Desks- Large,0,52361096360685,0,0,FBA76416,377856311966366,0.0,0,L-Shape - SD Views RMKTNG - Apr'26 a30650
2026-05-30,B0BFW59TRG,0.0,Desks- Large,0,52361096360685,0,0,FBA76416,377856311966366,0.0,0,L-Shape - SD Views RMKTNG - Apr'26 a30650
2026-05-31,B0BFW59TRG,0.0,Desks- Large,0,52361096360685,0,0,FBA76416,377856311966366,0.0,0,L-Shape - SD Views RMKTNG - Apr'26 a30650
2026-05-22,B0BFVMDJ2K,0.0,Desks- Large,0,52361096360685,0,0,FBA76417,377856311966366,0.0,0,L-Shape - SD Views RMKTNG - Apr'26 a30650
2026-05-23,B0BFVMDJ2K,0.0,Desks- Large,0,52361096360685,0,0,FBA76417,377856311966366,0.0,0,L-Shape - SD Views RMKTNG - Apr'26 a30650
2026-05-24,B0BFVMDJ2K,0.0,Desks- Large,0,52361096360685,0,0,FBA76417,377856311966366,0.0,0,L-Shape - SD Views RMKTNG - Apr'26 a30650
2026-05-25,B0BFVMDJ2K,0.0,Desks- Large,0,52361096360685,0,0,FBA76417,377856311966366,0.0,0,L-Shape - SD Views RMKTNG - Apr'26 a30650
2026-05-26,B0BFVMDJ2K,0.0,Desks- Large,0,52361096360685,0,0,FBA76417,377856311966366,0.0,0,L-Shape - SD Views RMKTNG - Apr'26 a30650
2026-05-27,B0BFVMDJ2K,0.0,Desks- Large,0,52361096360685,0,0,FBA76417,377856311966366,0.0,0,L-Shape - SD Views RMKTNG - Apr'26 a30650
2026-05-28,B0BFVMDJ2K,0.0,Desks- Large,0,52361096360685,0,0,FBA76417,377856311966366,0.0,0,L-Shape - SD Views RMKTNG - Apr'26 a30650
2026-05-29,B0BFVMDJ2K,0.0,Desks- Large,0,52361096360685,0,0,FBA76417,377856311966366,0.0,0,L-Shape - SD Views RMKTNG - Apr'26 a30650
2026-05-30,B0BFVMDJ2K,0.0,Desks- Large,0,52361096360685,0,0,FBA76417,377856311966366,0.0,0,L-Shape - SD Views RMKTNG - Apr'26 a30650
2026-05-31,B0BFVMDJ2K,0.0,Desks- Large,0,52361096360685,0,0,FBA76417,377856311966366,0.0,0,L-Shape - SD Views RMKTNG - Apr'26 a30650
2026-05-22,B0BFVNS8HS,0.0,Desks- Large,0,52361096360685,0,0,FBA76418,377856311966366,0.0,0,L-Shape - SD Views RMKTNG - Apr'26 a30650
2026-05-23,B0BFVNS8HS,0.0,Desks- Large,0,52361096360685,0,0,FBA76418,377856311966366,0.0,0,L-Shape - SD Views RMKTNG - Apr'26 a30650
2026-05-24,B0BFVNS8HS,0.0,Desks- Large,0,52361096360685,0,0,FBA76418,377856311966366,0.0,0,L-Shape - SD Views RMKTNG - Apr'26 a30650
2026-05-25,B0BFVNS8HS,0.0,Desks- Large,0,52361096360685,0,0,FBA76418,377856311966366,0.0,0,L-Shape - SD Views RMKTNG - Apr'26 a30650
2026-05-26,B0BFVNS8HS,0.0,Desks- Large,0,52361096360685,0,0,FBA76418,377856311966366,0.0,0,L-Shape - SD Views RMKTNG - Apr'26 a30650
2026-05-27,B0BFVNS8HS,0.0,Desks- Large,0,52361096360685,0,0,FBA76418,377856311966366,0.0,0,L-Shape - SD Views RMKTNG - Apr'26 a30650
2026-05-28,B0BFVNS8HS,0.0,Desks- Large,0,52361096360685,0,0,FBA76418,377856311966366,0.0,0,L-Shape - SD Views RMKTNG - Apr'26 a30650
2026-05-29,B0BFVNS8HS,0.0,Desks- Large,0,52361096360685,0,0,FBA76418,377856311966366,0.0,0,L-Shape - SD Views RMKTNG - Apr'26 a30650
2026-05-30,B0BFVNS8HS,0.0,Desks- Large,0,52361096360685,0,0,FBA76418,377856311966366,0.0,0,L-Shape - SD Views RMKTNG - Apr'26 a30650
2026-05-31,B0BFVNS8HS,0.0,Desks- Large,0,52361096360685,0,0,FBA76418,377856311966366,0.0,0,L-Shape - SD Views RMKTNG - Apr'26 a30650
2026-05-22,B0BFW59TRG,0.0,White Mulberry - Desks- Large,0,112616207373140,0,0,FBA76416,348696544283754,0.0,0,L-Shape SD Purchase RMKTNG - Apr'26 f19c32
2026-05-23,B0BFW59TRG,0.0,White Mulberry - Desks- Large,0,112616207373140,0,0,FBA76416,348696544283754,0.0,0,L-Shape SD Purchase RMKTNG - Apr'26 f19c32
2026-05-24,B0BFW59TRG,0.0,White Mulberry - Desks- Large,0,112616207373140,0,0,FBA76416,348696544283754,0.0,0,L-Shape SD Purchase RMKTNG - Apr'26 f19c32
2026-05-25,B0BFW59TRG,0.0,White Mulberry - Desks- Large,0,112616207373140,0,0,FBA76416,348696544283754,0.0,0,L-Shape SD Purchase RMKTNG - Apr'26 f19c32
2026-05-26,B0BFW59TRG,0.0,White Mulberry - Desks- Large,0,112616207373140,0,0,FBA76416,348696544283754,0.0,0,L-Shape SD Purchase RMKTNG - Apr'26 f19c32
2026-05-27,B0BFW59TRG,0.0,White Mulberry - Desks- Large,0,112616207373140,0,0,FBA76416,348696544283754,0.0,0,L-Shape SD Purchase RMKTNG - Apr'26 f19c32
2026-05-28,B0BFW59TRG,0.0,White Mulberry - Desks- Large,0,112616207373140,0,0,FBA76416,348696544283754,0.0,0,L-Shape SD Purchase RMKTNG - Apr'26 f19c32
2026-05-29,B0BFW59TRG,0.0,White Mulberry - Desks- Large,0,112616207373140,0,0,FBA76416,348696544283754,0.0,0,L-Shape SD Purchase RMKTNG - Apr'26 f19c32
2026-05-30,B0BFW59TRG,0.0,White Mulberry - Desks- Large,0,112616207373140,0,0,FBA76416,348696544283754,0.0,0,L-Shape SD Purchase RMKTNG - Apr'26 f19c32
2026-05-31,B0BFW59TRG,0.0,White Mulberry - Desks- Large,0,112616207373140,0,0,FBA76416,348696544283754,0.0,0,L-Shape SD Purchase RMKTNG - Apr'26 f19c32
2026-05-22,B0BFVMDJ2K,0.0,White Mulberry - Desks- Large,0,112616207373140,0,0,FBA76417,348696544283754,0.0,0,L-Shape SD Purchase RMKTNG - Apr'26 f19c32
2026-05-23,B0BFVMDJ2K,0.0,White Mulberry - Desks- Large,0,112616207373140,0,0,FBA76417,348696544283754,0.0,0,L-Shape SD Purchase RMKTNG - Apr'26 f19c32
2026-05-24,B0BFVMDJ2K,0.0,White Mulberry - Desks- Large,0,112616207373140,0,0,FBA76417,348696544283754,0.0,0,L-Shape SD Purchase RMKTNG - Apr'26 f19c32
2026-05-25,B0BFVMDJ2K,0.0,White Mulberry - Desks- Large,0,112616207373140,0,0,FBA76417,348696544283754,0.0,0,L-Shape SD Purchase RMKTNG - Apr'26 f19c32
2026-05-26,B0BFVMDJ2K,0.0,White Mulberry - Desks- Large,0,112616207373140,0,0,FBA76417,348696544283754,0.0,0,L-Shape SD Purchase RMKTNG - Apr'26 f19c32
2026-05-27,B0BFVMDJ2K,0.0,White Mulberry - Desks- Large,0,112616207373140,0,0,FBA76417,348696544283754,0.0,0,L-Shape SD Purchase RMKTNG - Apr'26 f19c32
2026-05-28,B0BFVMDJ2K,0.0,White Mulberry - Desks- Large,0,112616207373140,0,0,FBA76417,348696544283754,0.0,0,L-Shape SD Purchase RMKTNG - Apr'26 f19c32
2026-05-29,B0BFVMDJ2K,0.0,White Mulberry - Desks- Large,0,112616207373140,0,0,FBA76417,348696544283754,0.0,0,L-Shape SD Purchase RMKTNG - Apr'26 f19c32
2026-05-30,B0BFVMDJ2K,0.0,White Mulberry - Desks- Large,0,112616207373140,0,0,FBA76417,348696544283754,0.0,0,L-Shape SD Purchase RMKTNG - Apr'26 f19c32
2026-05-31,B0BFVMDJ2K,0.0,White Mulberry - Desks- Large,0,112616207373140,0,0,FBA76417,348696544283754,0.0,0,L-Shape SD Purchase RMKTNG - Apr'26 f19c32
2026-05-22,B0BFVNS8HS,0.0,White Mulberry - Desks- Large,0,112616207373140,0,0,FBA76418,348696544283754,0.0,0,L-Shape SD Purchase RMKTNG - Apr'26 f19c32
2026-05-23,B0BFVNS8HS,0.0,White Mulberry - Desks- Large,0,112616207373140,0,0,FBA76418,348696544283754,0.0,0,L-Shape SD Purchase RMKTNG - Apr'26 f19c32
2026-05-24,B0BFVNS8HS,0.0,White Mulberry - Desks- Large,0,112616207373140,0,0,FBA76418,348696544283754,0.0,0,L-Shape SD Purchase RMKTNG - Apr'26 f19c32
2026-05-25,B0BFVNS8HS,0.0,White Mulberry - Desks- Large,0,112616207373140,0,0,FBA76418,348696544283754,0.0,0,L-Shape SD Purchase RMKTNG - Apr'26 f19c32
2026-05-26,B0BFVNS8HS,0.0,White Mulberry - Desks- Large,0,112616207373140,0,0,FBA76418,348696544283754,0.0,0,L-Shape SD Purchase RMKTNG - Apr'26 f19c32
2026-05-27,B0BFVNS8HS,0.0,White Mulberry - Desks- Large,0,112616207373140,0,0,FBA76418,348696544283754,0.0,0,L-Shape SD Purchase RMKTNG - Apr'26 f19c32
2026-05-28,B0BFVNS8HS,0.0,White Mulberry - Desks- Large,0,112616207373140,0,0,FBA76418,348696544283754,0.0,0,L-Shape SD Purchase RMKTNG - Apr'26 f19c32
2026-05-29,B0BFVNS8HS,0.0,White Mulberry - Desks- Large,0,112616207373140,0,0,FBA76418,348696544283754,0.0,0,L-Shape SD Purchase RMKTNG - Apr'26 f19c32
2026-05-30,B0BFVNS8HS,0.0,White Mulberry - Desks- Large,0,112616207373140,0,0,FBA76418,348696544283754,0.0,0,L-Shape SD Purchase RMKTNG - Apr'26 f19c32
2026-05-31,B0BFVNS8HS,0.0,White Mulberry - Desks- Large,0,112616207373140,0,0,FBA76418,348696544283754,0.0,0,L-Shape SD Purchase RMKTNG - Apr'26 f19c32
2026-05-01,B0CPFS24ML,0.0,Ad group - 2/5/2025 17:57:54.751,0,448310148874426,0,0,FBK79167,520408235227071,0.0,0,SD_VR_Z Shape Desk_BMC
2026-05-02,B0CPFS24ML,0.0,Ad group - 2/5/2025 17:57:54.751,0,448310148874426,0,0,FBK79167,520408235227071,0.0,0,SD_VR_Z Shape Desk_BMC
2026-05-03,B0CPFS24ML,0.0,Ad group - 2/5/2025 17:57:54.751,0,448310148874426,0,0,FBK79167,520408235227071,0.0,0,SD_VR_Z Shape Desk_BMC
2026-05-04,B0CPFS24ML,0.0,Ad group - 2/5/2025 17:57:54.751,0,448310148874426,0,0,FBK79167,520408235227071,0.0,0,SD_VR_Z Shape Desk_BMC
2026-05-05,B0CPFS24ML,0.0,Ad group - 2/5/2025 17:57:54.751,0,448310148874426,0,0,FBK79167,520408235227071,0.0,0,SD_VR_Z Shape Desk_BMC
2026-05-06,B0CPFS24ML,0.0,Ad group - 2/5/2025 17:57:54.751,0,448310148874426,0,0,FBK79167,520408235227071,0.0,0,SD_VR_Z Shape Desk_BMC
2026-05-07,B0CPFS24ML,0.0,Ad group - 2/5/2025 17:57:54.751,0,448310148874426,0,0,FBK79167,520408235227071,0.0,0,SD_VR_Z Shape Desk_BMC
2026-05-08,B0CPFS24ML,0.0,Ad group - 2/5/2025 17:57:54.751,0,448310148874426,0,0,FBK79167,520408235227071,0.0,0,SD_VR_Z Shape Desk_BMC
2026-05-09,B0CPFS24ML,0.0,Ad group - 2/5/2025 17:57:54.751,0,448310148874426,0,0,FBK79167,520408235227071,0.0,0,SD_VR_Z Shape Desk_BMC
2026-05-10,B0CPFS24ML,0.0,Ad group - 2/5/2025 17:57:54.751,0,448310148874426,0,0,FBK79167,520408235227071,0.0,0,SD_VR_Z Shape Desk_BMC
2026-05-11,B0CPFS24ML,0.0,Ad group - 2/5/2025 17:57:54.751,0,448310148874426,0,0,FBK79167,520408235227071,0.0,0,SD_VR_Z Shape Desk_BMC
2026-05-12,B0CPFS24ML,0.0,Ad group - 2/5/2025 17:57:54.751,0,448310148874426,0,0,FBK79167,520408235227071,0.0,0,SD_VR_Z Shape Desk_BMC
2026-05-13,B0CPFS24ML,0.0,Ad group - 2/5/2025 17:57:54.751,0,448310148874426,0,0,FBK79167,520408235227071,0.0,0,SD_VR_Z Shape Desk_BMC
2026-05-14,B0CPFS24ML,0.0,Ad group - 2/5/2025 17:57:54.751,0,448310148874426,0,0,FBK79167,520408235227071,0.0,0,SD_VR_Z Shape Desk_BMC
2026-05-15,B0CPFS24ML,0.0,Ad group - 2/5/2025 17:57:54.751,0,448310148874426,0,0,FBK79167,520408235227071,0.0,0,SD_VR_Z Shape Desk_BMC
2026-05-16,B0CPFS24ML,0.0,Ad group - 2/5/2025 17:57:54.751,0,448310148874426,0,0,FBK79167,520408235227071,0.0,0,SD_VR_Z Shape Desk_BMC
2026-05-17,B0CPFS24ML,0.0,Ad group - 2/5/2025 17:57:54.751,0,448310148874426,0,0,FBK79167,520408235227071,0.0,0,SD_VR_Z Shape Desk_BMC
2026-05-18,B0CPFS24ML,0.0,Ad group - 2/5/2025 17:57:54.751,0,448310148874426,0,0,FBK79167,520408235227071,0.0,0,SD_VR_Z Shape Desk_BMC
2026-05-19,B0CPFS24ML,0.0,Ad group - 2/5/2025 17:57:54.751,0,448310148874426,0,0,FBK79167,520408235227071,0.0,0,SD_VR_Z Shape Desk_BMC
2026-05-20,B0CPFS24ML,0.0,Ad group - 2/5/2025 17:57:54.751,0,448310148874426,0,0,FBK79167,520408235227071,0.0,0,SD_VR_Z Shape Desk_BMC
2026-05-21,B0CPFS24ML,0.0,Ad group - 2/5/2025 17:57:54.751,0,448310148874426,0,0,FBK79167,520408235227071,0.0,0,SD_VR_Z Shape Desk_BMC
2026-05-01,B0DP2VVRND,0.0,"VRM - 7,14, 30",0,455070604687127,0,0,FBA79613,492472119843196,0.0,0,"WM_Monitor Arm_High Selling_SD_VRM_7,14,30"
2026-05-02,B0DP2VVRND,0.0,"VRM - 7,14, 30",0,455070604687127,0,0,FBA79613,492472119843196,0.0,0,"WM_Monitor Arm_High Selling_SD_VRM_7,14,30"
2026-05-03,B0DP2VVRND,0.0,"VRM - 7,14, 30",0,455070604687127,0,0,FBA79613,492472119843196,0.0,0,"WM_Monitor Arm_High Selling_SD_VRM_7,14,30"
2026-05-04,B0DP2VVRND,0.0,"VRM - 7,14, 30",0,455070604687127,0,0,FBA79613,492472119843196,0.0,0,"WM_Monitor Arm_High Selling_SD_VRM_7,14,30"
2026-05-05,B0DP2VVRND,0.0,"VRM - 7,14, 30",0,455070604687127,0,0,FBA79613,492472119843196,0.0,0,"WM_Monitor Arm_High Selling_SD_VRM_7,14,30"
2026-05-06,B0DP2VVRND,0.0,"VRM - 7,14, 30",0,455070604687127,0,0,FBA79613,492472119843196,0.0,0,"WM_Monitor Arm_High Selling_SD_VRM_7,14,30"
2026-05-07,B0DP2VVRND,0.0,"VRM - 7,14, 30",0,455070604687127,0,0,FBA79613,492472119843196,0.0,0,"WM_Monitor Arm_High Selling_SD_VRM_7,14,30"
2026-05-08,B0DP2VVRND,0.0,"VRM - 7,14, 30",0,455070604687127,0,0,FBA79613,492472119843196,0.0,0,"WM_Monitor Arm_High Selling_SD_VRM_7,14,30"
2026-05-09,B0DP2VVRND,0.0,"VRM - 7,14, 30",0,455070604687127,0,0,FBA79613,492472119843196,0.0,0,"WM_Monitor Arm_High Selling_SD_VRM_7,14,30"
2026-05-10,B0DP2VVRND,0.0,"VRM - 7,14, 30",0,455070604687127,0,0,FBA79613,492472119843196,0.0,0,"WM_Monitor Arm_High Selling_SD_VRM_7,14,30"
2026-05-11,B0DP2VVRND,0.0,"VRM - 7,14, 30",0,455070604687127,0,0,FBA79613,492472119843196,0.0,0,"WM_Monitor Arm_High Selling_SD_VRM_7,14,30"
2026-05-12,B0DP2VVRND,0.0,"VRM - 7,14, 30",0,455070604687127,0,0,FBA79613,492472119843196,0.0,0,"WM_Monitor Arm_High Selling_SD_VRM_7,14,30"
2026-05-13,B0DP2VVRND,0.0,"VRM - 7,14, 30",0,455070604687127,0,0,FBA79613,492472119843196,0.0,0,"WM_Monitor Arm_High Selling_SD_VRM_7,14,30"
2026-05-14,B0DP2VVRND,0.0,"VRM - 7,14, 30",0,455070604687127,0,0,FBA79613,492472119843196,0.0,0,"WM_Monitor Arm_High Selling_SD_VRM_7,14,30"
2026-05-15,B0DP2VVRND,0.0,"VRM - 7,14, 30",0,455070604687127,0,0,FBA79613,492472119843196,0.0,0,"WM_Monitor Arm_High Selling_SD_VRM_7,14,30"
2026-05-16,B0DP2VVRND,0.0,"VRM - 7,14, 30",0,455070604687127,0,0,FBA79613,492472119843196,0.0,0,"WM_Monitor Arm_High Selling_SD_VRM_7,14,30"
2026-05-17,B0DP2VVRND,0.0,"VRM - 7,14, 30",0,455070604687127,0,0,FBA79613,492472119843196,0.0,0,"WM_Monitor Arm_High Selling_SD_VRM_7,14,30"
2026-05-18,B0DP2VVRND,0.0,"VRM - 7,14, 30",0,455070604687127,0,0,FBA79613,492472119843196,0.0,0,"WM_Monitor Arm_High Selling_SD_VRM_7,14,30"
2026-05-19,B0DP2VVRND,0.0,"VRM - 7,14, 30",0,455070604687127,0,0,FBA79613,492472119843196,0.0,0,"WM_Monitor Arm_High Selling_SD_VRM_7,14,30"
2026-05-20,B0DP2VVRND,0.0,"VRM - 7,14, 30",0,455070604687127,0,0,FBA79613,492472119843196,0.0,0,"WM_Monitor Arm_High Selling_SD_VRM_7,14,30"
2026-05-21,B0DP2VVRND,0.0,"VRM - 7,14, 30",0,455070604687127,0,0,FBA79613,492472119843196,0.0,0,"WM_Monitor Arm_High Selling_SD_VRM_7,14,30"
2026-05-01,B0DB5VG39T,0.0,"VRM - 7,14, 30",0,455070604687127,0,787,B0DB5VG39T,492472119843196,0.0,0,"WM_Monitor Arm_High Selling_SD_VRM_7,14,30"
2026-05-02,B0DB5VG39T,3.37,"VRM - 7,14, 30",0,455070604687127,0,790,B0DB5VG39T,492472119843196,0.0,2,"WM_Monitor Arm_High Selling_SD_VRM_7,14,30"
2026-05-03,B0DB5VG39T,1.94,"VRM - 7,14, 30",0,455070604687127,0,1279,B0DB5VG39T,492472119843196,0.0,1,"WM_Monitor Arm_High Selling_SD_VRM_7,14,30"
2026-05-04,B0DB5VG39T,27.06,"VRM - 7,14, 30",0,455070604687127,0,1369,B0DB5VG39T,492472119843196,0.0,3,"WM_Monitor Arm_High Selling_SD_VRM_7,14,30"
2026-05-05,B0DB5VG39T,4.8,"VRM - 7,14, 30",0,455070604687127,0,1381,B0DB5VG39T,492472119843196,0.0,1,"WM_Monitor Arm_High Selling_SD_VRM_7,14,30"
2026-05-06,B0DB5VG39T,13.31,"VRM - 7,14, 30",0,455070604687127,0,1156,B0DB5VG39T,492472119843196,0.0,2,"WM_Monitor Arm_High Selling_SD_VRM_7,14,30"
2026-05-07,B0DB5VG39T,14.47,"VRM - 7,14, 30",0,455070604687127,0,1831,B0DB5VG39T,492472119843196,0.0,2,"WM_Monitor Arm_High Selling_SD_VRM_7,14,30"
2026-05-08,B0DB5VG39T,41.04,"VRM - 7,14, 30",0,455070604687127,0,1099,B0DB5VG39T,492472119843196,0.0,3,"WM_Monitor Arm_High Selling_SD_VRM_7,14,30"
2026-05-09,B0DB5VG39T,3.51,"VRM - 7,14, 30",0,455070604687127,0,1178,B0DB5VG39T,492472119843196,0.0,1,"WM_Monitor Arm_High Selling_SD_VRM_7,14,30"
2026-05-10,B0DB5VG39T,62.8,"VRM - 7,14, 30",2,455070604687127,4,2235,B0DB5VG39T,492472119843196,9413.88,4,"WM_Monitor Arm_High Selling_SD_VRM_7,14,30"
2026-05-11,B0DB5VG39T,123.32,"VRM - 7,14, 30",0,455070604687127,0,2311,B0DB5VG39T,492472119843196,0.0,6,"WM_Monitor Arm_High Selling_SD_VRM_7,14,30"
2026-05-12,B0DB5VG39T,41.6,"VRM - 7,14, 30",0,455070604687127,0,3528,B0DB5VG39T,492472119843196,0.0,4,"WM_Monitor Arm_High Selling_SD_VRM_7,14,30"
2026-05-13,B0DB5VG39T,222.2,"VRM - 7,14, 30",1,455070604687127,1,5457,B0DB5VG39T,492472119843196,2201.69,12,"WM_Monitor Arm_High Selling_SD_VRM_7,14,30"
2026-05-14,B0DB5VG39T,61.73,"VRM - 7,14, 30",0,455070604687127,0,1127,B0DB5VG39T,492472119843196,0.0,3,"WM_Monitor Arm_High Selling_SD_VRM_7,14,30"
2026-05-15,B0DB5VG39T,38.69,"VRM - 7,14, 30",0,455070604687127,0,1008,B0DB5VG39T,492472119843196,0.0,3,"WM_Monitor Arm_High Selling_SD_VRM_7,14,30"
2026-05-16,B0DB5VG39T,60.37,"VRM - 7,14, 30",0,455070604687127,0,2038,B0DB5VG39T,492472119843196,0.0,6,"WM_Monitor Arm_High Selling_SD_VRM_7,14,30"
2026-05-17,B0DB5VG39T,126.8,"VRM - 7,14, 30",0,455070604687127,0,1039,B0DB5VG39T,492472119843196,0.0,4,"WM_Monitor Arm_High Selling_SD_VRM_7,14,30"
2026-05-18,B0DB5VG39T,195.53,"VRM - 7,14, 30",0,455070604687127,0,8676,B0DB5VG39T,492472119843196,0.0,16,"WM_Monitor Arm_High Selling_SD_VRM_7,14,30"
2026-05-19,B0DB5VG39T,124.58,"VRM - 7,14, 30",1,455070604687127,1,1493,B0DB5VG39T,492472119843196,2215.26,5,"WM_Monitor Arm_High Selling_SD_VRM_7,14,30"
2026-05-20,B0DB5VG39T,64.79,"VRM - 7,14, 30",0,455070604687127,0,10498,B0DB5VG39T,492472119843196,0.0,9,"WM_Monitor Arm_High Selling_SD_VRM_7,14,30"
2026-05-21,B0DB5VG39T,166.73,"VRM - 7,14, 30",0,455070604687127,0,5502,B0DB5VG39T,492472119843196,0.0,9,"WM_Monitor Arm_High Selling_SD_VRM_7,14,30"
2026-05-01,B0FN4FPJ83,0.0,"VRM - 7,14,30",0,517400457852043,0,0,FBK79786,402357095846030,0.0,0,"WM_POS Stand_High Selling_VRM_7,14,30"
2026-05-02,B0FN4FPJ83,0.0,"VRM - 7,14,30",0,517400457852043,0,0,FBK79786,402357095846030,0.0,0,"WM_POS Stand_High Selling_VRM_7,14,30"
2026-05-03,B0FN4FPJ83,0.0,"VRM - 7,14,30",0,517400457852043,0,0,FBK79786,402357095846030,0.0,0,"WM_POS Stand_High Selling_VRM_7,14,30"
2026-05-04,B0FN4FPJ83,0.0,"VRM - 7,14,30",0,517400457852043,0,0,FBK79786,402357095846030,0.0,0,"WM_POS Stand_High Selling_VRM_7,14,30"
2026-05-05,B0FN4FPJ83,0.0,"VRM - 7,14,30",0,517400457852043,0,0,FBK79786,402357095846030,0.0,0,"WM_POS Stand_High Selling_VRM_7,14,30"
2026-05-06,B0FN4FPJ83,0.0,"VRM - 7,14,30",0,517400457852043,0,0,FBK79786,402357095846030,0.0,0,"WM_POS Stand_High Selling_VRM_7,14,30"
2026-05-07,B0FN4FPJ83,0.0,"VRM - 7,14,30",0,517400457852043,0,0,FBK79786,402357095846030,0.0,0,"WM_POS Stand_High Selling_VRM_7,14,30"
2026-05-08,B0FN4FPJ83,0.0,"VRM - 7,14,30",0,517400457852043,0,0,FBK79786,402357095846030,0.0,0,"WM_POS Stand_High Selling_VRM_7,14,30"
2026-05-09,B0FN4FPJ83,0.0,"VRM - 7,14,30",0,517400457852043,0,0,FBK79786,402357095846030,0.0,0,"WM_POS Stand_High Selling_VRM_7,14,30"
2026-05-10,B0FN4FPJ83,0.0,"VRM - 7,14,30",0,517400457852043,0,0,FBK79786,402357095846030,0.0,0,"WM_POS Stand_High Selling_VRM_7,14,30"
2026-05-11,B0FN4FPJ83,0.0,"VRM - 7,14,30",0,517400457852043,0,0,FBK79786,402357095846030,0.0,0,"WM_POS Stand_High Selling_VRM_7,14,30"
2026-05-12,B0FN4FPJ83,0.0,"VRM - 7,14,30",0,517400457852043,0,0,FBK79786,402357095846030,0.0,0,"WM_POS Stand_High Selling_VRM_7,14,30"
2026-05-13,B0FN4FPJ83,0.0,"VRM - 7,14,30",0,517400457852043,0,0,FBK79786,402357095846030,0.0,0,"WM_POS Stand_High Selling_VRM_7,14,30"
2026-05-14,B0FN4FPJ83,0.0,"VRM - 7,14,30",0,517400457852043,0,0,FBK79786,402357095846030,0.0,0,"WM_POS Stand_High Selling_VRM_7,14,30"
2026-05-15,B0FN4FPJ83,0.0,"VRM - 7,14,30",0,517400457852043,0,0,FBK79786,402357095846030,0.0,0,"WM_POS Stand_High Selling_VRM_7,14,30"
2026-05-16,B0FN4FPJ83,0.0,"VRM - 7,14,30",0,517400457852043,0,0,FBK79786,402357095846030,0.0,0,"WM_POS Stand_High Selling_VRM_7,14,30"
2026-05-17,B0FN4FPJ83,0.0,"VRM - 7,14,30",0,517400457852043,0,0,FBK79786,402357095846030,0.0,0,"WM_POS Stand_High Selling_VRM_7,14,30"
2026-05-18,B0FN4FPJ83,0.0,"VRM - 7,14,30",0,517400457852043,0,0,FBK79786,402357095846030,0.0,0,"WM_POS Stand_High Selling_VRM_7,14,30"
2026-05-19,B0FN4FPJ83,0.0,"VRM - 7,14,30",0,517400457852043,0,0,FBK79786,402357095846030,0.0,0,"WM_POS Stand_High Selling_VRM_7,14,30"
2026-05-20,B0FN4FPJ83,0.0,"VRM - 7,14,30",0,517400457852043,0,0,FBK79786,402357095846030,0.0,0,"WM_POS Stand_High Selling_VRM_7,14,30"
2026-05-21,B0FN4FPJ83,0.0,"VRM - 7,14,30",0,517400457852043,0,0,FBK79786,402357095846030,0.0,0,"WM_POS Stand_High Selling_VRM_7,14,30"
2026-05-01,B0DP2WC5VW,0.0,"VRM - 7,14, 30",0,455070604687127,0,0,B0DP2WC5VW,492472119843196,0.0,0,"WM_Monitor Arm_High Selling_SD_VRM_7,14,30"
2026-05-02,B0DP2WC5VW,0.0,"VRM - 7,14, 30",0,455070604687127,0,0,B0DP2WC5VW,492472119843196,0.0,0,"WM_Monitor Arm_High Selling_SD_VRM_7,14,30"
2026-05-03,B0DP2WC5VW,0.0,"VRM - 7,14, 30",0,455070604687127,0,0,B0DP2WC5VW,492472119843196,0.0,0,"WM_Monitor Arm_High Selling_SD_VRM_7,14,30"
2026-05-04,B0DP2WC5VW,0.0,"VRM - 7,14, 30",0,455070604687127,0,0,B0DP2WC5VW,492472119843196,0.0,0,"WM_Monitor Arm_High Selling_SD_VRM_7,14,30"
2026-05-05,B0DP2WC5VW,0.0,"VRM - 7,14, 30",0,455070604687127,0,0,B0DP2WC5VW,492472119843196,0.0,0,"WM_Monitor Arm_High Selling_SD_VRM_7,14,30"
2026-05-06,B0DP2WC5VW,0.0,"VRM - 7,14, 30",0,455070604687127,0,0,B0DP2WC5VW,492472119843196,0.0,0,"WM_Monitor Arm_High Selling_SD_VRM_7,14,30"
2026-05-07,B0DP2WC5VW,0.0,"VRM - 7,14, 30",0,455070604687127,0,0,B0DP2WC5VW,492472119843196,0.0,0,"WM_Monitor Arm_High Selling_SD_VRM_7,14,30"
2026-05-08,B0DP2WC5VW,0.0,"VRM - 7,14, 30",0,455070604687127,0,0,B0DP2WC5VW,492472119843196,0.0,0,"WM_Monitor Arm_High Selling_SD_VRM_7,14,30"
2026-05-09,B0DP2WC5VW,0.0,"VRM - 7,14, 30",0,455070604687127,0,0,B0DP2WC5VW,492472119843196,0.0,0,"WM_Monitor Arm_High Selling_SD_VRM_7,14,30"
2026-05-10,B0DP2WC5VW,0.0,"VRM - 7,14, 30",0,455070604687127,0,0,B0DP2WC5VW,492472119843196,0.0,0,"WM_Monitor Arm_High Selling_SD_VRM_7,14,30"
2026-05-11,B0DP2WC5VW,0.0,"VRM - 7,14, 30",0,455070604687127,0,0,B0DP2WC5VW,492472119843196,0.0,0,"WM_Monitor Arm_High Selling_SD_VRM_7,14,30"
2026-05-12,B0DP2WC5VW,0.0,"VRM - 7,14, 30",0,455070604687127,0,0,B0DP2WC5VW,492472119843196,0.0,0,"WM_Monitor Arm_High Selling_SD_VRM_7,14,30"
2026-05-13,B0DP2WC5VW,0.0,"VRM - 7,14, 30",0,455070604687127,0,0,B0DP2WC5VW,492472119843196,0.0,0,"WM_Monitor Arm_High Selling_SD_VRM_7,14,30"
2026-05-14,B0DP2WC5VW,0.0,"VRM - 7,14, 30",0,455070604687127,0,0,B0DP2WC5VW,492472119843196,0.0,0,"WM_Monitor Arm_High Selling_SD_VRM_7,14,30"
2026-05-15,B0DP2WC5VW,0.0,"VRM - 7,14, 30",0,455070604687127,0,0,B0DP2WC5VW,492472119843196,0.0,0,"WM_Monitor Arm_High Selling_SD_VRM_7,14,30"
2026-05-16,B0DP2WC5VW,0.0,"VRM - 7,14, 30",0,455070604687127,0,0,B0DP2WC5VW,492472119843196,0.0,0,"WM_Monitor Arm_High Selling_SD_VRM_7,14,30"
2026-05-17,B0DP2WC5VW,0.0,"VRM - 7,14, 30",0,455070604687127,0,0,B0DP2WC5VW,492472119843196,0.0,0,"WM_Monitor Arm_High Selling_SD_VRM_7,14,30"
2026-05-18,B0DP2WC5VW,0.0,"VRM - 7,14, 30",0,455070604687127,0,0,B0DP2WC5VW,492472119843196,0.0,0,"WM_Monitor Arm_High Selling_SD_VRM_7,14,30"
2026-05-19,B0DP2WC5VW,0.0,"VRM - 7,14, 30",0,455070604687127,0,0,B0DP2WC5VW,492472119843196,0.0,0,"WM_Monitor Arm_High Selling_SD_VRM_7,14,30"
2026-05-20,B0DP2WC5VW,0.0,"VRM - 7,14, 30",0,455070604687127,0,0,B0DP2WC5VW,492472119843196,0.0,0,"WM_Monitor Arm_High Selling_SD_VRM_7,14,30"
2026-05-21,B0DP2WC5VW,0.0,"VRM - 7,14, 30",0,455070604687127,0,0,B0DP2WC5VW,492472119843196,0.0,0,"WM_Monitor Arm_High Selling_SD_VRM_7,14,30"
2026-05-01,B0DB5W4TCP,15.07,"VRM - 7,14, 30",1,455070604687127,1,249,FBA79478,492472119843196,2456.78,1,"WM_Monitor Arm_High Selling_SD_VRM_7,14,30"
2026-05-02,B0DB5W4TCP,0.61,"VRM - 7,14, 30",0,455070604687127,0,320,FBA79478,492472119843196,0.0,1,"WM_Monitor Arm_High Selling_SD_VRM_7,14,30"
2026-05-03,B0DB5W4TCP,10.4,"VRM - 7,14, 30",0,455070604687127,0,390,FBA79478,492472119843196,0.0,2,"WM_Monitor Arm_High Selling_SD_VRM_7,14,30"
2026-05-04,B0DB5W4TCP,1.02,"VRM - 7,14, 30",0,455070604687127,0,463,FBA79478,492472119843196,0.0,1,"WM_Monitor Arm_High Selling_SD_VRM_7,14,30"
2026-05-05,B0DB5W4TCP,0.0,"VRM - 7,14, 30",0,455070604687127,0,342,FBA79478,492472119843196,0.0,0,"WM_Monitor Arm_High Selling_SD_VRM_7,14,30"
2026-05-06,B0DB5W4TCP,0.0,"VRM - 7,14, 30",0,455070604687127,0,397,FBA79478,492472119843196,0.0,0,"WM_Monitor Arm_High Selling_SD_VRM_7,14,30"
2026-05-07,B0DB5W4TCP,0.0,"VRM - 7,14, 30",0,455070604687127,0,354,FBA79478,492472119843196,0.0,0,"WM_Monitor Arm_High Selling_SD_VRM_7,14,30"
2026-05-08,B0DB5W4TCP,26.75,"VRM - 7,14, 30",0,455070604687127,0,538,FBA79478,492472119843196,0.0,2,"WM_Monitor Arm_High Selling_SD_VRM_7,14,30"
2026-05-09,B0DB5W4TCP,70.8,"VRM - 7,14, 30",0,455070604687127,0,1262,FBA79478,492472119843196,0.0,3,"WM_Monitor Arm_High Selling_SD_VRM_7,14,30"
2026-05-10,B0DB5W4TCP,67.2,"VRM - 7,14, 30",0,455070604687127,0,1254,FBA79478,492472119843196,0.0,1,"WM_Monitor Arm_High Selling_SD_VRM_7,14,30"
2026-05-11,B0DB5W4TCP,4.72,"VRM - 7,14, 30",0,455070604687127,0,824,FBA79478,492472119843196,0.0,1,"WM_Monitor Arm_High Selling_SD_VRM_7,14,30"
2026-05-12,B0DB5W4TCP,69.63,"VRM - 7,14, 30",0,455070604687127,0,1616,FBA79478,492472119843196,0.0,4,"WM_Monitor Arm_High Selling_SD_VRM_7,14,30"
2026-05-13,B0DB5W4TCP,127.48,"VRM - 7,14, 30",0,455070604687127,0,3061,FBA79478,492472119843196,0.0,7,"WM_Monitor Arm_High Selling_SD_VRM_7,14,30"
2026-05-14,B0DB5W4TCP,28.9,"VRM - 7,14, 30",0,455070604687127,0,1116,FBA79478,492472119843196,0.0,4,"WM_Monitor Arm_High Selling_SD_VRM_7,14,30"
2026-05-15,B0DB5W4TCP,6.81,"VRM - 7,14, 30",0,455070604687127,0,157,FBA79478,492472119843196,0.0,1,"WM_Monitor Arm_High Selling_SD_VRM_7,14,30"
2026-05-16,B0DB5W4TCP,9.77,"VRM - 7,14, 30",0,455070604687127,0,478,FBA79478,492472119843196,0.0,3,"WM_Monitor Arm_High Selling_SD_VRM_7,14,30"
2026-05-17,B0DB5W4TCP,3.74,"VRM - 7,14, 30",0,455070604687127,0,618,FBA79478,492472119843196,0.0,1,"WM_Monitor Arm_High Selling_SD_VRM_7,14,30"
2026-05-18,B0DB5W4TCP,7.21,"VRM - 7,14, 30",0,455070604687127,0,1008,FBA79478,492472119843196,0.0,1,"WM_Monitor Arm_High Selling_SD_VRM_7,14,30"
2026-05-19,B0DB5W4TCP,8.12,"VRM - 7,14, 30",0,455070604687127,0,781,FBA79478,492472119843196,0.0,2,"WM_Monitor Arm_High Selling_SD_VRM_7,14,30"
2026-05-20,B0DB5W4TCP,83.45,"VRM - 7,14, 30",0,455070604687127,0,2587,FBA79478,492472119843196,0.0,9,"WM_Monitor Arm_High Selling_SD_VRM_7,14,30"
2026-05-21,B0DB5W4TCP,120.97,"VRM - 7,14, 30",0,455070604687127,0,3128,FBA79478,492472119843196,0.0,15,"WM_Monitor Arm_High Selling_SD_VRM_7,14,30"
2026-05-01,B0DP2Z5DQ9,17.7,"VRM - 7,14, 30",0,455070604687127,0,629,FBA79615,492472119843196,0.0,2,"WM_Monitor Arm_High Selling_SD_VRM_7,14,30"
2026-05-02,B0DP2Z5DQ9,15.04,"VRM - 7,14, 30",0,455070604687127,0,1540,FBA79615,492472119843196,0.0,4,"WM_Monitor Arm_High Selling_SD_VRM_7,14,30"
2026-05-03,B0DP2Z5DQ9,33.75,"VRM - 7,14, 30",0,455070604687127,0,2029,FBA79615,492472119843196,0.0,4,"WM_Monitor Arm_High Selling_SD_VRM_7,14,30"
2026-05-04,B0DP2Z5DQ9,22.08,"VRM - 7,14, 30",1,455070604687127,1,2208,FBA79615,492472119843196,2329.66,3,"WM_Monitor Arm_High Selling_SD_VRM_7,14,30"
2026-05-05,B0DP2Z5DQ9,27.37,"VRM - 7,14, 30",0,455070604687127,0,1957,FBA79615,492472119843196,0.0,4,"WM_Monitor Arm_High Selling_SD_VRM_7,14,30"
2026-05-06,B0DP2Z5DQ9,2.59,"VRM - 7,14, 30",0,455070604687127,0,1983,FBA79615,492472119843196,0.0,1,"WM_Monitor Arm_High Selling_SD_VRM_7,14,30"
2026-05-07,B0DP2Z5DQ9,6.07,"VRM - 7,14, 30",0,455070604687127,0,1732,FBA79615,492472119843196,0.0,1,"WM_Monitor Arm_High Selling_SD_VRM_7,14,30"
2026-05-08,B0DP2Z5DQ9,33.16,"VRM - 7,14, 30",0,455070604687127,0,2639,FBA79615,492472119843196,0.0,4,"WM_Monitor Arm_High Selling_SD_VRM_7,14,30"
2026-05-09,B0DP2Z5DQ9,527.63,"VRM - 7,14, 30",0,455070604687127,0,7817,FBA79615,492472119843196,0.0,20,"WM_Monitor Arm_High Selling_SD_VRM_7,14,30"
2026-05-10,B0DP2Z5DQ9,121.01,"VRM - 7,14, 30",0,455070604687127,0,4546,FBA79615,492472119843196,0.0,6,"WM_Monitor Arm_High Selling_SD_VRM_7,14,30"
2026-05-11,B0DP2Z5DQ9,219.46,"VRM - 7,14, 30",0,455070604687127,0,3415,FBA79615,492472119843196,0.0,8,"WM_Monitor Arm_High Selling_SD_VRM_7,14,30"
2026-05-12,B0DP2Z5DQ9,252.34,"VRM - 7,14, 30",0,455070604687127,0,5914,FBA79615,492472119843196,0.0,14,"WM_Monitor Arm_High Selling_SD_VRM_7,14,30"
2026-05-13,B0DP2Z5DQ9,62.32,"VRM - 7,14, 30",1,455070604687127,1,3754,FBA79615,492472119843196,2253.39,6,"WM_Monitor Arm_High Selling_SD_VRM_7,14,30"
2026-05-14,B0DP2Z5DQ9,0.0,"VRM - 7,14, 30",0,455070604687127,0,0,FBA79615,492472119843196,0.0,0,"WM_Monitor Arm_High Selling_SD_VRM_7,14,30"
2026-05-15,B0DP2Z5DQ9,0.0,"VRM - 7,14, 30",0,455070604687127,0,0,FBA79615,492472119843196,0.0,0,"WM_Monitor Arm_High Selling_SD_VRM_7,14,30"
2026-05-16,B0DP2Z5DQ9,63.97,"VRM - 7,14, 30",0,455070604687127,0,556,FBA79615,492472119843196,0.0,3,"WM_Monitor Arm_High Selling_SD_VRM_7,14,30"
2026-05-17,B0DP2Z5DQ9,42.9,"VRM - 7,14, 30",0,455070604687127,0,2110,FBA79615,492472119843196,0.0,2,"WM_Monitor Arm_High Selling_SD_VRM_7,14,30"
2026-05-18,B0DP2Z5DQ9,0.0,"VRM - 7,14, 30",0,455070604687127,0,0,FBA79615,492472119843196,0.0,0,"WM_Monitor Arm_High Selling_SD_VRM_7,14,30"
2026-05-19,B0DP2Z5DQ9,0.0,"VRM - 7,14, 30",0,455070604687127,0,0,FBA79615,492472119843196,0.0,0,"WM_Monitor Arm_High Selling_SD_VRM_7,14,30"
2026-05-20,B0DP2Z5DQ9,0.0,"VRM - 7,14, 30",0,455070604687127,0,0,FBA79615,492472119843196,0.0,0,"WM_Monitor Arm_High Selling_SD_VRM_7,14,30"
2026-05-21,B0DP2Z5DQ9,0.0,"VRM - 7,14, 30",0,455070604687127,0,0,FBA79615,492472119843196,0.0,0,"WM_Monitor Arm_High Selling_SD_VRM_7,14,30"
2026-05-01,B0DP32F346,0.0,"VRM - 7,14, 30",0,455070604687127,0,210,B0DP32F346,492472119843196,0.0,0,"WM_Monitor Arm_High Selling_SD_VRM_7,14,30"
2026-05-02,B0DP32F346,0.0,"VRM - 7,14, 30",0,455070604687127,0,288,B0DP32F346,492472119843196,0.0,0,"WM_Monitor Arm_High Selling_SD_VRM_7,14,30"
2026-05-03,B0DP32F346,12.75,"VRM - 7,14, 30",0,455070604687127,0,409,B0DP32F346,492472119843196,0.0,2,"WM_Monitor Arm_High Selling_SD_VRM_7,14,30"
2026-05-04,B0DP32F346,0.0,"VRM - 7,14, 30",0,455070604687127,0,531,B0DP32F346,492472119843196,0.0,0,"WM_Monitor Arm_High Selling_SD_VRM_7,14,30"
2026-05-05,B0DP32F346,60.75,"VRM - 7,14, 30",0,455070604687127,0,472,B0DP32F346,492472119843196,0.0,3,"WM_Monitor Arm_High Selling_SD_VRM_7,14,30"
2026-05-06,B0DP32F346,14.85,"VRM - 7,14, 30",0,455070604687127,0,381,B0DP32F346,492472119843196,0.0,1,"WM_Monitor Arm_High Selling_SD_VRM_7,14,30"
2026-05-07,B0DP32F346,9.41,"VRM - 7,14, 30",1,455070604687127,1,579,B0DP32F346,492472119843196,2626.27,2,"WM_Monitor Arm_High Selling_SD_VRM_7,14,30"
2026-05-08,B0DP32F346,42.25,"VRM - 7,14, 30",0,455070604687127,0,944,B0DP32F346,492472119843196,0.0,2,"WM_Monitor Arm_High Selling_SD_VRM_7,14,30"
2026-05-09,B0DP32F346,41.14,"VRM - 7,14, 30",0,455070604687127,0,1943,B0DP32F346,492472119843196,0.0,3,"WM_Monitor Arm_High Selling_SD_VRM_7,14,30"
2026-05-10,B0DP32F346,68.86,"VRM - 7,14, 30",0,455070604687127,0,1619,B0DP32F346,492472119843196,0.0,6,"WM_Monitor Arm_High Selling_SD_VRM_7,14,30"
2026-05-11,B0DP32F346,222.72,"VRM - 7,14, 30",0,455070604687127,0,1918,B0DP32F346,492472119843196,0.0,8,"WM_Monitor Arm_High Selling_SD_VRM_7,14,30"
2026-05-12,B0DP32F346,194.94,"VRM - 7,14, 30",1,455070604687127,1,2829,B0DP32F346,492472119843196,2456.78,7,"WM_Monitor Arm_High Selling_SD_VRM_7,14,30"
2026-05-13,B0DP32F346,169.31,"VRM - 7,14, 30",0,455070604687127,0,4317,B0DP32F346,492472119843196,0.0,11,"WM_Monitor Arm_High Selling_SD_VRM_7,14,30"
2026-05-14,B0DP32F346,77.55,"VRM - 7,14, 30",0,455070604687127,0,1788,B0DP32F346,492472119843196,0.0,4,"WM_Monitor Arm_High Selling_SD_VRM_7,14,30"
2026-05-15,B0DP32F346,108.95,"VRM - 7,14, 30",0,455070604687127,0,1339,B0DP32F346,492472119843196,0.0,6,"WM_Monitor Arm_High Selling_SD_VRM_7,14,30"
2026-05-16,B0DP32F346,30.55,"VRM - 7,14, 30",0,455070604687127,0,1864,B0DP32F346,492472119843196,0.0,3,"WM_Monitor Arm_High Selling_SD_VRM_7,14,30"
2026-05-17,B0DP32F346,4.18,"VRM - 7,14, 30",0,455070604687127,0,1718,B0DP32F346,492472119843196,0.0,1,"WM_Monitor Arm_High Selling_SD_VRM_7,14,30"
2026-05-18,B0DP32F346,63.23,"VRM - 7,14, 30",0,455070604687127,0,4010,B0DP32F346,492472119843196,0.0,10,"WM_Monitor Arm_High Selling_SD_VRM_7,14,30"
2026-05-19,B0DP32F346,117.61,"VRM - 7,14, 30",0,455070604687127,0,1342,B0DP32F346,492472119843196,0.0,9,"WM_Monitor Arm_High Selling_SD_VRM_7,14,30"
2026-05-20,B0DP32F346,127.56,"VRM - 7,14, 30",0,455070604687127,0,4171,B0DP32F346,492472119843196,0.0,13,"WM_Monitor Arm_High Selling_SD_VRM_7,14,30"
2026-05-21,B0DP32F346,70.44,"VRM - 7,14, 30",0,455070604687127,0,2777,B0DP32F346,492472119843196,0.0,10,"WM_Monitor Arm_High Selling_SD_VRM_7,14,30"
2026-05-01,B0FN4DSQ6P,0.0,"VRM - 7,14,30",0,392438332927690,0,0,FBK79789,540651613480917,0.0,0,"WM_TV Wall_High Selling_VRM_7,14,30"
2026-05-02,B0FN4DSQ6P,0.0,"VRM - 7,14,30",0,392438332927690,0,0,FBK79789,540651613480917,0.0,0,"WM_TV Wall_High Selling_VRM_7,14,30"
2026-05-03,B0FN4DSQ6P,0.0,"VRM - 7,14,30",0,392438332927690,0,0,FBK79789,540651613480917,0.0,0,"WM_TV Wall_High Selling_VRM_7,14,30"
2026-05-04,B0FN4DSQ6P,0.0,"VRM - 7,14,30",0,392438332927690,0,0,FBK79789,540651613480917,0.0,0,"WM_TV Wall_High Selling_VRM_7,14,30"
2026-05-05,B0FN4DSQ6P,0.0,"VRM - 7,14,30",0,392438332927690,0,0,FBK79789,540651613480917,0.0,0,"WM_TV Wall_High Selling_VRM_7,14,30"
2026-05-06,B0FN4DSQ6P,0.0,"VRM - 7,14,30",0,392438332927690,0,0,FBK79789,540651613480917,0.0,0,"WM_TV Wall_High Selling_VRM_7,14,30"
2026-05-07,B0FN4DSQ6P,0.0,"VRM - 7,14,30",0,392438332927690,0,0,FBK79789,540651613480917,0.0,0,"WM_TV Wall_High Selling_VRM_7,14,30"
2026-05-08,B0FN4DSQ6P,0.0,"VRM - 7,14,30",0,392438332927690,0,0,FBK79789,540651613480917,0.0,0,"WM_TV Wall_High Selling_VRM_7,14,30"
2026-05-09,B0FN4DSQ6P,0.0,"VRM - 7,14,30",0,392438332927690,0,0,FBK79789,540651613480917,0.0,0,"WM_TV Wall_High Selling_VRM_7,14,30"
2026-05-10,B0FN4DSQ6P,0.0,"VRM - 7,14,30",0,392438332927690,0,0,FBK79789,540651613480917,0.0,0,"WM_TV Wall_High Selling_VRM_7,14,30"
2026-05-11,B0FN4DSQ6P,0.0,"VRM - 7,14,30",0,392438332927690,0,0,FBK79789,540651613480917,0.0,0,"WM_TV Wall_High Selling_VRM_7,14,30"
2026-05-12,B0FN4DSQ6P,0.0,"VRM - 7,14,30",0,392438332927690,0,0,FBK79789,540651613480917,0.0,0,"WM_TV Wall_High Selling_VRM_7,14,30"
2026-05-13,B0FN4DSQ6P,0.0,"VRM - 7,14,30",0,392438332927690,0,0,FBK79789,540651613480917,0.0,0,"WM_TV Wall_High Selling_VRM_7,14,30"
2026-05-14,B0FN4DSQ6P,0.0,"VRM - 7,14,30",0,392438332927690,0,0,FBK79789,540651613480917,0.0,0,"WM_TV Wall_High Selling_VRM_7,14,30"
2026-05-15,B0FN4DSQ6P,0.0,"VRM - 7,14,30",0,392438332927690,0,0,FBK79789,540651613480917,0.0,0,"WM_TV Wall_High Selling_VRM_7,14,30"
2026-05-16,B0FN4DSQ6P,0.0,"VRM - 7,14,30",0,392438332927690,0,0,FBK79789,540651613480917,0.0,0,"WM_TV Wall_High Selling_VRM_7,14,30"
2026-05-17,B0FN4DSQ6P,0.0,"VRM - 7,14,30",0,392438332927690,0,0,FBK79789,540651613480917,0.0,0,"WM_TV Wall_High Selling_VRM_7,14,30"
2026-05-18,B0FN4DSQ6P,0.0,"VRM - 7,14,30",0,392438332927690,0,0,FBK79789,540651613480917,0.0,0,"WM_TV Wall_High Selling_VRM_7,14,30"
2026-05-19,B0FN4DSQ6P,0.0,"VRM - 7,14,30",0,392438332927690,0,0,FBK79789,540651613480917,0.0,0,"WM_TV Wall_High Selling_VRM_7,14,30"
2026-05-20,B0FN4DSQ6P,0.0,"VRM - 7,14,30",0,392438332927690,0,0,FBK79789,540651613480917,0.0,0,"WM_TV Wall_High Selling_VRM_7,14,30"
2026-05-21,B0FN4DSQ6P,0.0,"VRM - 7,14,30",0,392438332927690,0,0,FBK79789,540651613480917,0.0,0,"WM_TV Wall_High Selling_VRM_7,14,30"
2026-05-01,B0FN4D3C89,0.0,"VRM - 7,14,30",0,392438332927690,0,0,FBK79788,540651613480917,0.0,0,"WM_TV Wall_High Selling_VRM_7,14,30"
2026-05-02,B0FN4D3C89,0.0,"VRM - 7,14,30",0,392438332927690,0,0,FBK79788,540651613480917,0.0,0,"WM_TV Wall_High Selling_VRM_7,14,30"
2026-05-03,B0FN4D3C89,0.0,"VRM - 7,14,30",0,392438332927690,0,0,FBK79788,540651613480917,0.0,0,"WM_TV Wall_High Selling_VRM_7,14,30"
2026-05-04,B0FN4D3C89,0.0,"VRM - 7,14,30",0,392438332927690,0,0,FBK79788,540651613480917,0.0,0,"WM_TV Wall_High Selling_VRM_7,14,30"
2026-05-05,B0FN4D3C89,0.0,"VRM - 7,14,30",0,392438332927690,0,0,FBK79788,540651613480917,0.0,0,"WM_TV Wall_High Selling_VRM_7,14,30"
2026-05-06,B0FN4D3C89,0.0,"VRM - 7,14,30",0,392438332927690,0,0,FBK79788,540651613480917,0.0,0,"WM_TV Wall_High Selling_VRM_7,14,30"
2026-05-07,B0FN4D3C89,0.0,"VRM - 7,14,30",0,392438332927690,0,0,FBK79788,540651613480917,0.0,0,"WM_TV Wall_High Selling_VRM_7,14,30"
2026-05-08,B0FN4D3C89,0.0,"VRM - 7,14,30",0,392438332927690,0,0,FBK79788,540651613480917,0.0,0,"WM_TV Wall_High Selling_VRM_7,14,30"
2026-05-09,B0FN4D3C89,0.0,"VRM - 7,14,30",0,392438332927690,0,0,FBK79788,540651613480917,0.0,0,"WM_TV Wall_High Selling_VRM_7,14,30"
2026-05-10,B0FN4D3C89,0.0,"VRM - 7,14,30",0,392438332927690,0,0,FBK79788,540651613480917,0.0,0,"WM_TV Wall_High Selling_VRM_7,14,30"
2026-05-11,B0FN4D3C89,0.0,"VRM - 7,14,30",0,392438332927690,0,0,FBK79788,540651613480917,0.0,0,"WM_TV Wall_High Selling_VRM_7,14,30"
2026-05-12,B0FN4D3C89,0.0,"VRM - 7,14,30",0,392438332927690,0,0,FBK79788,540651613480917,0.0,0,"WM_TV Wall_High Selling_VRM_7,14,30"
2026-05-13,B0FN4D3C89,0.0,"VRM - 7,14,30",0,392438332927690,0,0,FBK79788,540651613480917,0.0,0,"WM_TV Wall_High Selling_VRM_7,14,30"
2026-05-14,B0FN4D3C89,0.0,"VRM - 7,14,30",0,392438332927690,0,0,FBK79788,540651613480917,0.0,0,"WM_TV Wall_High Selling_VRM_7,14,30"
2026-05-15,B0FN4D3C89,0.0,"VRM - 7,14,30",0,392438332927690,0,0,FBK79788,540651613480917,0.0,0,"WM_TV Wall_High Selling_VRM_7,14,30"
2026-05-16,B0FN4D3C89,0.0,"VRM - 7,14,30",0,392438332927690,0,0,FBK79788,540651613480917,0.0,0,"WM_TV Wall_High Selling_VRM_7,14,30"
2026-05-17,B0FN4D3C89,0.0,"VRM - 7,14,30",0,392438332927690,0,0,FBK79788,540651613480917,0.0,0,"WM_TV Wall_High Selling_VRM_7,14,30"
2026-05-18,B0FN4D3C89,0.0,"VRM - 7,14,30",0,392438332927690,0,0,FBK79788,540651613480917,0.0,0,"WM_TV Wall_High Selling_VRM_7,14,30"
2026-05-19,B0FN4D3C89,0.0,"VRM - 7,14,30",0,392438332927690,0,0,FBK79788,540651613480917,0.0,0,"WM_TV Wall_High Selling_VRM_7,14,30"
2026-05-20,B0FN4D3C89,0.0,"VRM - 7,14,30",0,392438332927690,0,0,FBK79788,540651613480917,0.0,0,"WM_TV Wall_High Selling_VRM_7,14,30"
2026-05-21,B0FN4D3C89,0.0,"VRM - 7,14,30",0,392438332927690,0,0,FBK79788,540651613480917,0.0,0,"WM_TV Wall_High Selling_VRM_7,14,30"
2026-05-22,B0CPFS24ML,0.0,Ad group - 2/5/2025 17:57:54.751,0,448310148874426,0,0,FBK79167,520408235227071,0.0,0,SD_VR_Z Shape Desk_BMC
2026-05-23,B0CPFS24ML,0.0,Ad group - 2/5/2025 17:57:54.751,0,448310148874426,0,0,FBK79167,520408235227071,0.0,0,SD_VR_Z Shape Desk_BMC
2026-05-24,B0CPFS24ML,0.0,Ad group - 2/5/2025 17:57:54.751,0,448310148874426,0,0,FBK79167,520408235227071,0.0,0,SD_VR_Z Shape Desk_BMC
2026-05-25,B0CPFS24ML,0.0,Ad group - 2/5/2025 17:57:54.751,0,448310148874426,0,0,FBK79167,520408235227071,0.0,0,SD_VR_Z Shape Desk_BMC
2026-05-26,B0CPFS24ML,0.0,Ad group - 2/5/2025 17:57:54.751,0,448310148874426,0,0,FBK79167,520408235227071,0.0,0,SD_VR_Z Shape Desk_BMC
2026-05-27,B0CPFS24ML,0.0,Ad group - 2/5/2025 17:57:54.751,0,448310148874426,0,0,FBK79167,520408235227071,0.0,0,SD_VR_Z Shape Desk_BMC
2026-05-28,B0CPFS24ML,0.0,Ad group - 2/5/2025 17:57:54.751,0,448310148874426,0,0,FBK79167,520408235227071,0.0,0,SD_VR_Z Shape Desk_BMC
2026-05-29,B0CPFS24ML,0.0,Ad group - 2/5/2025 17:57:54.751,0,448310148874426,0,0,FBK79167,520408235227071,0.0,0,SD_VR_Z Shape Desk_BMC
2026-05-30,B0CPFS24ML,0.0,Ad group - 2/5/2025 17:57:54.751,0,448310148874426,0,0,FBK79167,520408235227071,0.0,0,SD_VR_Z Shape Desk_BMC
2026-05-31,B0CPFS24ML,0.0,Ad group - 2/5/2025 17:57:54.751,0,448310148874426,0,0,FBK79167,520408235227071,0.0,0,SD_VR_Z Shape Desk_BMC
2026-05-22,B0DP2VVRND,0.0,"VRM - 7,14, 30",0,455070604687127,0,0,FBA79613,492472119843196,0.0,0,"WM_Monitor Arm_High Selling_SD_VRM_7,14,30"
2026-05-23,B0DP2VVRND,0.0,"VRM - 7,14, 30",0,455070604687127,0,0,FBA79613,492472119843196,0.0,0,"WM_Monitor Arm_High Selling_SD_VRM_7,14,30"
2026-05-24,B0DP2VVRND,0.0,"VRM - 7,14, 30",0,455070604687127,0,0,FBA79613,492472119843196,0.0,0,"WM_Monitor Arm_High Selling_SD_VRM_7,14,30"
2026-05-25,B0DP2VVRND,0.0,"VRM - 7,14, 30",0,455070604687127,0,0,FBA79613,492472119843196,0.0,0,"WM_Monitor Arm_High Selling_SD_VRM_7,14,30"
2026-05-26,B0DP2VVRND,0.0,"VRM - 7,14, 30",0,455070604687127,0,0,FBA79613,492472119843196,0.0,0,"WM_Monitor Arm_High Selling_SD_VRM_7,14,30"
2026-05-27,B0DP2VVRND,0.0,"VRM - 7,14, 30",0,455070604687127,0,0,FBA79613,492472119843196,0.0,0,"WM_Monitor Arm_High Selling_SD_VRM_7,14,30"
2026-05-28,B0DP2VVRND,0.0,"VRM - 7,14, 30",0,455070604687127,0,0,FBA79613,492472119843196,0.0,0,"WM_Monitor Arm_High Selling_SD_VRM_7,14,30"
2026-05-29,B0DP2VVRND,0.0,"VRM - 7,14, 30",0,455070604687127,0,0,FBA79613,492472119843196,0.0,0,"WM_Monitor Arm_High Selling_SD_VRM_7,14,30"
2026-05-30,B0DP2VVRND,0.0,"VRM - 7,14, 30",0,455070604687127,0,0,FBA79613,492472119843196,0.0,0,"WM_Monitor Arm_High Selling_SD_VRM_7,14,30"
2026-05-31,B0DP2VVRND,0.0,"VRM - 7,14, 30",0,455070604687127,0,0,FBA79613,492472119843196,0.0,0,"WM_Monitor Arm_High Selling_SD_VRM_7,14,30"
2026-05-22,B0DB5VG39T,185.35,"VRM - 7,14, 30",1,455070604687127,1,12935,B0DB5VG39T,492472119843196,2329.66,24,"WM_Monitor Arm_High Selling_SD_VRM_7,14,30"
2026-05-23,B0DB5VG39T,382.63,"VRM - 7,14, 30",0,455070604687127,0,6293,B0DB5VG39T,492472119843196,0.0,19,"WM_Monitor Arm_High Selling_SD_VRM_7,14,30"
2026-05-24,B0DB5VG39T,135.7,"VRM - 7,14, 30",0,455070604687127,0,5802,B0DB5VG39T,492472119843196,0.0,9,"WM_Monitor Arm_High Selling_SD_VRM_7,14,30"
2026-05-25,B0DB5VG39T,255.86,"VRM - 7,14, 30",0,455070604687127,0,9606,B0DB5VG39T,492472119843196,0.0,25,"WM_Monitor Arm_High Selling_SD_VRM_7,14,30"
2026-05-26,B0DB5VG39T,6.53,"VRM - 7,14, 30",0,455070604687127,0,2925,B0DB5VG39T,492472119843196,0.0,4,"WM_Monitor Arm_High Selling_SD_VRM_7,14,30"
2026-05-27,B0DB5VG39T,115.65,"VRM - 7,14, 30",0,455070604687127,0,3238,B0DB5VG39T,492472119843196,0.0,7,"WM_Monitor Arm_High Selling_SD_VRM_7,14,30"
2026-05-28,B0DB5VG39T,178.66,"VRM - 7,14, 30",0,455070604687127,0,3263,B0DB5VG39T,492472119843196,0.0,7,"WM_Monitor Arm_High Selling_SD_VRM_7,14,30"
2026-05-29,B0DB5VG39T,78.24,"VRM - 7,14, 30",0,455070604687127,0,2713,B0DB5VG39T,492472119843196,0.0,8,"WM_Monitor Arm_High Selling_SD_VRM_7,14,30"
2026-05-30,B0DB5VG39T,122.27,"VRM - 7,14, 30",0,455070604687127,0,3666,B0DB5VG39T,492472119843196,0.0,7,"WM_Monitor Arm_High Selling_SD_VRM_7,14,30"
2026-05-31,B0DB5VG39T,123.09,"VRM - 7,14, 30",0,455070604687127,0,3572,B0DB5VG39T,492472119843196,0.0,10,"WM_Monitor Arm_High Selling_SD_VRM_7,14,30"
2026-05-22,B0FN4FPJ83,0.0,"VRM - 7,14,30",0,517400457852043,0,0,FBK79786,402357095846030,0.0,0,"WM_POS Stand_High Selling_VRM_7,14,30"
2026-05-23,B0FN4FPJ83,0.0,"VRM - 7,14,30",0,517400457852043,0,0,FBK79786,402357095846030,0.0,0,"WM_POS Stand_High Selling_VRM_7,14,30"
2026-05-24,B0FN4FPJ83,0.0,"VRM - 7,14,30",0,517400457852043,0,0,FBK79786,402357095846030,0.0,0,"WM_POS Stand_High Selling_VRM_7,14,30"
2026-05-25,B0FN4FPJ83,0.0,"VRM - 7,14,30",0,517400457852043,0,0,FBK79786,402357095846030,0.0,0,"WM_POS Stand_High Selling_VRM_7,14,30"
2026-05-26,B0FN4FPJ83,0.0,"VRM - 7,14,30",0,517400457852043,0,0,FBK79786,402357095846030,0.0,0,"WM_POS Stand_High Selling_VRM_7,14,30"
2026-05-27,B0FN4FPJ83,0.0,"VRM - 7,14,30",0,517400457852043,0,0,FBK79786,402357095846030,0.0,0,"WM_POS Stand_High Selling_VRM_7,14,30"
2026-05-28,B0FN4FPJ83,0.0,"VRM - 7,14,30",0,517400457852043,0,0,FBK79786,402357095846030,0.0,0,"WM_POS Stand_High Selling_VRM_7,14,30"
2026-05-29,B0FN4FPJ83,0.0,"VRM - 7,14,30",0,517400457852043,0,0,FBK79786,402357095846030,0.0,0,"WM_POS Stand_High Selling_VRM_7,14,30"
2026-05-30,B0FN4FPJ83,0.0,"VRM - 7,14,30",0,517400457852043,0,0,FBK79786,402357095846030,0.0,0,"WM_POS Stand_High Selling_VRM_7,14,30"
2026-05-31,B0FN4FPJ83,0.0,"VRM - 7,14,30",0,517400457852043,0,0,FBK79786,402357095846030,0.0,0,"WM_POS Stand_High Selling_VRM_7,14,30"
2026-05-22,B0DP2WC5VW,0.0,"VRM - 7,14, 30",0,455070604687127,0,0,B0DP2WC5VW,492472119843196,0.0,0,"WM_Monitor Arm_High Selling_SD_VRM_7,14,30"
2026-05-23,B0DP2WC5VW,0.0,"VRM - 7,14, 30",0,455070604687127,0,0,B0DP2WC5VW,492472119843196,0.0,0,"WM_Monitor Arm_High Selling_SD_VRM_7,14,30"
2026-05-24,B0DP2WC5VW,0.0,"VRM - 7,14, 30",0,455070604687127,0,0,B0DP2WC5VW,492472119843196,0.0,0,"WM_Monitor Arm_High Selling_SD_VRM_7,14,30"
2026-05-25,B0DP2WC5VW,0.0,"VRM - 7,14, 30",0,455070604687127,0,0,B0DP2WC5VW,492472119843196,0.0,0,"WM_Monitor Arm_High Selling_SD_VRM_7,14,30"
2026-05-26,B0DP2WC5VW,0.0,"VRM - 7,14, 30",0,455070604687127,0,0,B0DP2WC5VW,492472119843196,0.0,0,"WM_Monitor Arm_High Selling_SD_VRM_7,14,30"
2026-05-27,B0DP2WC5VW,0.0,"VRM - 7,14, 30",0,455070604687127,0,0,B0DP2WC5VW,492472119843196,0.0,0,"WM_Monitor Arm_High Selling_SD_VRM_7,14,30"
2026-05-28,B0DP2WC5VW,0.0,"VRM - 7,14, 30",0,455070604687127,0,0,B0DP2WC5VW,492472119843196,0.0,0,"WM_Monitor Arm_High Selling_SD_VRM_7,14,30"
2026-05-29,B0DP2WC5VW,0.0,"VRM - 7,14, 30",0,455070604687127,0,0,B0DP2WC5VW,492472119843196,0.0,0,"WM_Monitor Arm_High Selling_SD_VRM_7,14,30"
2026-05-30,B0DP2WC5VW,0.0,"VRM - 7,14, 30",0,455070604687127,0,0,B0DP2WC5VW,492472119843196,0.0,0,"WM_Monitor Arm_High Selling_SD_VRM_7,14,30"
2026-05-31,B0DP2WC5VW,0.0,"VRM - 7,14, 30",0,455070604687127,0,0,B0DP2WC5VW,492472119843196,0.0,0,"WM_Monitor Arm_High Selling_SD_VRM_7,14,30"
2026-05-22,B0DB5W4TCP,108.61,"VRM - 7,14, 30",0,455070604687127,0,2795,FBA79478,492472119843196,0.0,6,"WM_Monitor Arm_High Selling_SD_VRM_7,14,30"
2026-05-23,B0DB5W4TCP,9.7,"VRM - 7,14, 30",0,455070604687127,0,1388,FBA79478,492472119843196,0.0,3,"WM_Monitor Arm_High Selling_SD_VRM_7,14,30"
2026-05-24,B0DB5W4TCP,120.18,"VRM - 7,14, 30",0,455070604687127,0,1596,FBA79478,492472119843196,0.0,6,"WM_Monitor Arm_High Selling_SD_VRM_7,14,30"
2026-05-25,B0DB5W4TCP,81.3,"VRM - 7,14, 30",0,455070604687127,0,8703,FBA79478,492472119843196,0.0,19,"WM_Monitor Arm_High Selling_SD_VRM_7,14,30"
2026-05-26,B0DB5W4TCP,318.74,"VRM - 7,14, 30",1,455070604687127,1,5257,FBA79478,492472119843196,363.56,29,"WM_Monitor Arm_High Selling_SD_VRM_7,14,30"
2026-05-27,B0DB5W4TCP,44.84,"VRM - 7,14, 30",0,455070604687127,0,1615,FBA79478,492472119843196,0.0,7,"WM_Monitor Arm_High Selling_SD_VRM_7,14,30"
2026-05-28,B0DB5W4TCP,39.31,"VRM - 7,14, 30",0,455070604687127,0,3049,FBA79478,492472119843196,0.0,11,"WM_Monitor Arm_High Selling_SD_VRM_7,14,30"
2026-05-29,B0DB5W4TCP,103.98,"VRM - 7,14, 30",0,455070604687127,0,5595,FBA79478,492472119843196,0.0,12,"WM_Monitor Arm_High Selling_SD_VRM_7,14,30"
2026-05-30,B0DB5W4TCP,128.86,"VRM - 7,14, 30",1,455070604687127,1,3925,FBA79478,492472119843196,2626.27,12,"WM_Monitor Arm_High Selling_SD_VRM_7,14,30"
2026-05-31,B0DB5W4TCP,118.76,"VRM - 7,14, 30",0,455070604687127,0,5149,FBA79478,492472119843196,0.0,15,"WM_Monitor Arm_High Selling_SD_VRM_7,14,30"
2026-05-22,B0DP2Z5DQ9,0.0,"VRM - 7,14, 30",0,455070604687127,0,0,FBA79615,492472119843196,0.0,0,"WM_Monitor Arm_High Selling_SD_VRM_7,14,30"
2026-05-23,B0DP2Z5DQ9,0.0,"VRM - 7,14, 30",0,455070604687127,0,0,FBA79615,492472119843196,0.0,0,"WM_Monitor Arm_High Selling_SD_VRM_7,14,30"
2026-05-24,B0DP2Z5DQ9,0.0,"VRM - 7,14, 30",0,455070604687127,0,85,FBA79615,492472119843196,0.0,0,"WM_Monitor Arm_High Selling_SD_VRM_7,14,30"
2026-05-25,B0DP2Z5DQ9,0.0,"VRM - 7,14, 30",0,455070604687127,0,0,FBA79615,492472119843196,0.0,0,"WM_Monitor Arm_High Selling_SD_VRM_7,14,30"
2026-05-26,B0DP2Z5DQ9,169.3,"VRM - 7,14, 30",0,455070604687127,0,6454,FBA79615,492472119843196,0.0,14,"WM_Monitor Arm_High Selling_SD_VRM_7,14,30"
2026-05-27,B0DP2Z5DQ9,195.94,"VRM - 7,14, 30",0,455070604687127,0,4735,FBA79615,492472119843196,0.0,12,"WM_Monitor Arm_High Selling_SD_VRM_7,14,30"
2026-05-28,B0DP2Z5DQ9,47.38,"VRM - 7,14, 30",0,455070604687127,0,2084,FBA79615,492472119843196,0.0,4,"WM_Monitor Arm_High Selling_SD_VRM_7,14,30"
2026-05-29,B0DP2Z5DQ9,145.05,"VRM - 7,14, 30",0,455070604687127,0,5408,FBA79615,492472119843196,0.0,11,"WM_Monitor Arm_High Selling_SD_VRM_7,14,30"
2026-05-30,B0DP2Z5DQ9,88.18,"VRM - 7,14, 30",0,455070604687127,0,3959,FBA79615,492472119843196,0.0,12,"WM_Monitor Arm_High Selling_SD_VRM_7,14,30"
2026-05-31,B0DP2Z5DQ9,84.46,"VRM - 7,14, 30",0,455070604687127,0,2306,FBA79615,492472119843196,0.0,6,"WM_Monitor Arm_High Selling_SD_VRM_7,14,30"
2026-05-22,B0DP32F346,173.24,"VRM - 7,14, 30",0,455070604687127,0,3703,B0DP32F346,492472119843196,0.0,13,"WM_Monitor Arm_High Selling_SD_VRM_7,14,30"
2026-05-23,B0DP32F346,14.46,"VRM - 7,14, 30",0,455070604687127,0,2396,B0DP32F346,492472119843196,0.0,4,"WM_Monitor Arm_High Selling_SD_VRM_7,14,30"
2026-05-24,B0DP32F346,150.77,"VRM - 7,14, 30",0,455070604687127,0,4855,B0DP32F346,492472119843196,0.0,16,"WM_Monitor Arm_High Selling_SD_VRM_7,14,30"
2026-05-25,B0DP32F346,72.47,"VRM - 7,14, 30",0,455070604687127,0,4227,B0DP32F346,492472119843196,0.0,15,"WM_Monitor Arm_High Selling_SD_VRM_7,14,30"
2026-05-26,B0DP32F346,72.53,"VRM - 7,14, 30",0,455070604687127,0,3148,B0DP32F346,492472119843196,0.0,13,"WM_Monitor Arm_High Selling_SD_VRM_7,14,30"
2026-05-27,B0DP32F346,47.16,"VRM - 7,14, 30",0,455070604687127,0,2255,B0DP32F346,492472119843196,0.0,11,"WM_Monitor Arm_High Selling_SD_VRM_7,14,30"
2026-05-28,B0DP32F346,168.0,"VRM - 7,14, 30",0,455070604687127,0,3545,B0DP32F346,492472119843196,0.0,10,"WM_Monitor Arm_High Selling_SD_VRM_7,14,30"
2026-05-29,B0DP32F346,56.1,"VRM - 7,14, 30",2,455070604687127,2,3251,B0DP32F346,492472119843196,5252.55,12,"WM_Monitor Arm_High Selling_SD_VRM_7,14,30"
2026-05-30,B0DP32F346,165.71,"VRM - 7,14, 30",2,455070604687127,2,4039,B0DP32F346,492472119843196,2626.27,22,"WM_Monitor Arm_High Selling_SD_VRM_7,14,30"
2026-05-31,B0DP32F346,136.82,"VRM - 7,14, 30",0,455070604687127,0,4771,B0DP32F346,492472119843196,0.0,15,"WM_Monitor Arm_High Selling_SD_VRM_7,14,30"
2026-05-22,B0FN4DSQ6P,0.0,"VRM - 7,14,30",0,392438332927690,0,0,FBK79789,540651613480917,0.0,0,"WM_TV Wall_High Selling_VRM_7,14,30"
2026-05-23,B0FN4DSQ6P,0.0,"VRM - 7,14,30",0,392438332927690,0,0,FBK79789,540651613480917,0.0,0,"WM_TV Wall_High Selling_VRM_7,14,30"
2026-05-24,B0FN4DSQ6P,0.0,"VRM - 7,14,30",0,392438332927690,0,0,FBK79789,540651613480917,0.0,0,"WM_TV Wall_High Selling_VRM_7,14,30"
2026-05-25,B0FN4DSQ6P,0.0,"VRM - 7,14,30",0,392438332927690,0,0,FBK79789,540651613480917,0.0,0,"WM_TV Wall_High Selling_VRM_7,14,30"
2026-05-26,B0FN4DSQ6P,0.0,"VRM - 7,14,30",0,392438332927690,0,0,FBK79789,540651613480917,0.0,0,"WM_TV Wall_High Selling_VRM_7,14,30"
2026-05-27,B0FN4DSQ6P,0.0,"VRM - 7,14,30",0,392438332927690,0,0,FBK79789,540651613480917,0.0,0,"WM_TV Wall_High Selling_VRM_7,14,30"
2026-05-28,B0FN4DSQ6P,0.0,"VRM - 7,14,30",0,392438332927690,0,0,FBK79789,540651613480917,0.0,0,"WM_TV Wall_High Selling_VRM_7,14,30"
2026-05-29,B0FN4DSQ6P,0.0,"VRM - 7,14,30",0,392438332927690,0,0,FBK79789,540651613480917,0.0,0,"WM_TV Wall_High Selling_VRM_7,14,30"
2026-05-30,B0FN4DSQ6P,0.0,"VRM - 7,14,30",0,392438332927690,0,0,FBK79789,540651613480917,0.0,0,"WM_TV Wall_High Selling_VRM_7,14,30"
2026-05-31,B0FN4DSQ6P,0.0,"VRM - 7,14,30",0,392438332927690,0,0,FBK79789,540651613480917,0.0,0,"WM_TV Wall_High Selling_VRM_7,14,30"
2026-05-22,B0FN4D3C89,0.0,"VRM - 7,14,30",0,392438332927690,0,0,FBK79788,540651613480917,0.0,0,"WM_TV Wall_High Selling_VRM_7,14,30"
2026-05-23,B0FN4D3C89,0.0,"VRM - 7,14,30",0,392438332927690,0,0,FBK79788,540651613480917,0.0,0,"WM_TV Wall_High Selling_VRM_7,14,30"
2026-05-24,B0FN4D3C89,0.0,"VRM - 7,14,30",0,392438332927690,0,0,FBK79788,540651613480917,0.0,0,"WM_TV Wall_High Selling_VRM_7,14,30"
2026-05-25,B0FN4D3C89,0.0,"VRM - 7,14,30",0,392438332927690,0,0,FBK79788,540651613480917,0.0,0,"WM_TV Wall_High Selling_VRM_7,14,30"
2026-05-26,B0FN4D3C89,0.0,"VRM - 7,14,30",0,392438332927690,0,0,FBK79788,540651613480917,0.0,0,"WM_TV Wall_High Selling_VRM_7,14,30"
2026-05-27,B0FN4D3C89,0.0,"VRM - 7,14,30",0,392438332927690,0,0,FBK79788,540651613480917,0.0,0,"WM_TV Wall_High Selling_VRM_7,14,30"
2026-05-28,B0FN4D3C89,0.0,"VRM - 7,14,30",0,392438332927690,0,0,FBK79788,540651613480917,0.0,0,"WM_TV Wall_High Selling_VRM_7,14,30"
2026-05-29,B0FN4D3C89,0.0,"VRM - 7,14,30",0,392438332927690,0,0,FBK79788,540651613480917,0.0,0,"WM_TV Wall_High Selling_VRM_7,14,30"
2026-05-30,B0FN4D3C89,0.0,"VRM - 7,14,30",0,392438332927690,0,0,FBK79788,540651613480917,0.0,0,"WM_TV Wall_High Selling_VRM_7,14,30"
2026-05-31,B0FN4D3C89,0.0,"VRM - 7,14,30",0,392438332927690,0,0,FBK79788,540651613480917,0.0,0,"WM_TV Wall_High Selling_VRM_7,14,30"
