SKU,Model,(Parent) ASIN,(Child) ASIN,Title,Sessions - Total,Sessions - Total - B2B,Session Percentage - Total,Session Percentage - Total - B2B,Page Views - Total,Page Views - Total - B2B,Page Views Percentage - Total,Page Views Percentage - Total - B2B,Featured Offer Percentage,Featured Offer Percentage - B2B,Units Ordered,Units Ordered - B2B,Unit Session Percentage,Unit Session Percentage - B2B,Ordered Product Sales,Ordered Product Sales - B2B,Total Order Items,Total Order Items - B2B
FBA79813,AH-50,B0FG88HVQ8,B0FG88HVQ8,"Audio Array AH-50 Professional DJ Headphone | 50mm Drivers | 32Ω | 20Hz-20kHz | Dual Detachable Cables With Mic & Controls | Buddy Share Technology | 105 dB SPL | One Ear Listening | Monitoring,Mixing","9,829",160,3.20%,2.43%,"14,873",273,3.51%,2.95%,31.04%,40.98%,141,11,1.43%,6.88%,"₹ 2,31,833.18","₹ 21,689.15",135,6
FBA79961,AI-13,B0G53H49BS,B0G53H49BS,"Audio Array AI-13 2026 Edition 4-Channel Hybrid USB Summing Mixer 4 Analog+2 Digital, 48kHz/16-Bit, 2XLR Mic Inputs,TRS Stereo In, 48V Phantom, Hi-Z,2 Band EQ,Monitoring,Amp Out, USB-C Power","10,668",229,3.48%,3.47%,"15,713",333,3.71%,3.60%,33.27%,35.00%,53,5,0.50%,2.18%,"₹ 1,12,072.68","₹ 13,495.00",53,5
FBA79482,AM-S1,B0DXFPM4N2,B0DXFPM4N2,"Audio Array AM-S1 BT v5.3 |Professional 4"" Studio Monitor Speaker Pair| 60W Class D Amplification,Woven Composite Woofer,1"" Silk-Dome Tweeter,EQ Controls|Music/Monitor Mode, Aux, HDMI, USB C, TRS, RCA","24,637",502,8.03%,7.62%,"34,409",713,8.12%,7.71%,17.37%,14.25%,35,2,0.14%,0.40%,"₹ 2,35,311.86","₹ 17,298.00",35,2
FBA79903,AA-25M,B0FR5DLXH9,B0FR5DLXH9,"Audio Array AA-25 Metal Handheld Microphone Interview Adapter with Wind Shield for Wireless Lapel Microphones | Supports, Rode Go, DJI, Hollyland mics etc | Foam Cover with Built-in Cold Shoe Mount",738,26,0.24%,0.39%,"1,136",42,0.27%,0.45%,100.00%,100.00%,32,6,4.34%,23.08%,"₹ 21,648.31","₹ 5,094.00",30,4
FBA77171,AC-6XL,B0CH4VCD6R,B0CH4VCD6R,"Audio Array AC-6XL Mic Cable 6.35mm Jack Male to XLR 3PIN Female Cord Wire | Microphone/Guitar Cable | Black, 1pc Pack (6 Meter/19.6 Feet)","1,538",56,0.50%,0.85%,"2,289",80,0.54%,0.86%,21.40%,30.61%,27,4,1.76%,7.14%,"₹ 13,241.53","₹ 2,316.00",26,3
FBA79105,AI-12,B0CM6WH4ZT,B0CM6WH4ZT,"Audio Array AI-12 USB Bluetooth Soundcard | 1Ch Mixer interface | 2 mic inputs, 2 smartphone & PC/Mac outputs | Karaoke Recording, Mobile/PC Streaming, Live Broadcasting | Singing, Recording,Gaming","3,064",62,1.00%,0.94%,"4,041",82,0.95%,0.89%,55.32%,47.17%,26,0,0.85%,0.00%,"₹ 28,699.15",₹ 0.00,26,0
FBA79694,AA-26,B0DT6T6N6B,B0DT6T6N6B,"Audio Array AA-26 Tabletop Metal Microphone Stand | Extendable height up to 22cm | Studio Sound Recording, Streaming, Podcasting, Singing | Stylish Sturdy Metal Design to last long, flat base","2,793",119,0.91%,1.81%,"3,889",194,0.92%,2.10%,14.35%,11.30%,27,1,0.97%,0.84%,"₹ 11,842.37",₹ 549.00,26,1
FBA79839,AH-45 BK,B0FQBXS6Y2,B0FQBXS6Y2,"Audio Array AH-45-BK Studio Monitoring & Live Recording Headphones | 20-20KHz, 32 Ω, 100dB SPL | 40mm Depp Bass Closed-Back Driver | 3m OFC Cable | 3.5mm + 6.3mm Adapter (Black)","4,296",58,1.40%,0.88%,"6,009",93,1.42%,1.01%,13.26%,14.55%,23,2,0.54%,3.45%,"₹ 28,918.64","₹ 3,098.00",21,2
FBA75681,AM-C7,B0B4FZS38V,B0B4FZS38V,"Audio Array AM-C7 USB 2 in 1 Plug & Play Condenser Microphone Kit with Boom Arm | 3.5 mm No Latency Monitoring, Volume Control & Mute Button| for Conference, Gaming, Podcasting & Live Streaming",899,9,0.29%,0.14%,"1,338",14,0.32%,0.15%,98.70%,100.00%,21,2,2.34%,22.22%,"₹ 38,965.25","₹ 4,398.00",19,1
FBA79968,AI-14,B0G53M9258,B0G53M9258,"Audio Array AI-14 8-Channel Hybrid USB Audio Mixer with 8 Analog + 2 Digital Inputs, 48kHz/16-Bit Processing, +50dB Gain, Combo XLR, Phantom Power, Hi-Z, 3-Band EQ, 99 DSP FX, Balanced XLR Output","5,451",103,1.78%,1.56%,"7,517",147,1.77%,1.59%,49.87%,45.95%,19,0,0.35%,0.00%,"₹ 99,122.18",₹ 0.00,19,0
FBA79005,AM-W45,B0CKHVHVQ1,B0CKHVHVQ1,"Audio Array AM-W45 Wireless Conference Microphone with Speaker | Bluetooth, USB & 4 Mics | 360° Pickup Upto 4M | Noise Reduction & Enhanced Voice | Portable Speakerphone for Video Calls/Zoom Meeting","2,689",235,0.88%,3.57%,"3,635",324,0.86%,3.50%,26.75%,32.53%,19,6,0.71%,2.55%,"₹ 82,102.54","₹ 30,594.00",18,6
FBA79967,AM-W19,B0G2C2RCXN,B0G2C2RCXN,"Audio Array Wireless Lavalier Mic with AI Noise Cancellation for iPhone/Android, 32h Charging case and Plug-and-Play Setup for vlogging, Streaming, Meetings, and Video Recording",602,16,0.20%,0.24%,847,26,0.20%,0.28%,99.09%,100.00%,18,1,2.99%,6.25%,"₹ 28,787.88","₹ 1,999.00",18,1
FBA79838,AH-40 SL,B0FQBX8J17,B0FQBX8J17,"Audio Array AH-40-SL Wired Over-Ear Headphones | 40mm Drivers, 15-22KHz, 32Ω, 105dB SPL Sound, Studio Monitoring, Gaming, Live Music Headset with 3.5mm + 6.3mm Plug Compatibility","3,832",74,1.25%,1.12%,"5,354",93,1.26%,1.01%,21.67%,12.31%,16,0,0.42%,0.00%,"₹ 16,626.31",₹ 0.00,16,0
FBA76862,AM-C28,B0BPLWW72Y,B0BPLWW72Y,Audio Array AM-C28 USB Plug & Play Conference Microphone | Omni Directional Pickup Upto 3M | Mic Mute Button | No Drivers Condenser USB Type-C | Ideal for Meetings & Video Calling (Not a Speaker),"3,060",201,1.00%,3.05%,"4,118",254,0.97%,2.75%,14.21%,11.54%,15,3,0.49%,1.49%,"₹ 17,572.03","₹ 4,785.00",14,3
FBK79708,SB-01,B0FJS7JZ4V,B0FJS7JZ4V,"Audio Array SB-01 25W | 2.0 Sound Bar Speaker | BT v5.3 AUX, USB, TF Card, TWS Connectivity | Inbuilt FM Radio | Build in Mics | Dynamic LED Lights","1,261",23,0.41%,0.35%,"1,608",27,0.38%,0.29%,99.66%,100.00%,14,0,1.11%,0.00%,"₹ 14,606.78",₹ 0.00,14,0
FBK79009,AM-C41,B0FLYHJ6DK,B0FLYHJ6DK,"Audio Array AM-C41 Plug & Play AI Noise Cancellation USB Condenser Microphone | Mute Button/Echo/Volume Knob | Kit with Tripod, Mic Cover | Gaming, Streaming, Podcast | Mac/PC/Laptop/Mobile",786,17,0.26%,0.26%,"1,223",23,0.29%,0.25%,100.00%,100.00%,12,0,1.53%,0.00%,"₹ 16,769.49",₹ 0.00,12,0
FBA75689,AM-W13,B0B4G59Y8W,B0B4G59Y8W,"Audio Array AM-W13 UHF Wireless Premium Metal Microphone | 4+ Hours Receiver Battery Backup | Range up to 60m | Karaoke Singing, Wedding, DJ | Compatible with PA System, Amplifier, Mixer, Party Box","1,413",41,0.46%,0.62%,"1,946",70,0.46%,0.76%,36.20%,55.81%,11,1,0.78%,2.44%,"₹ 17,449.15","₹ 2,149.00",11,1
FBA76864,AI-04 Red,B0BPLZ5CGV,B0BPLZ5CGV,Audio Array AI-04 2x2 Gen 3 Audio Interface | Premium Mic Pre-Amps | 48V Phantom Power Support | 24bit/192kHz High Fidelity Recording | XLR/MIC/LINE inputs | Plug & Play-No Drivers | Metal Body | Red,"31,064",559,10.12%,8.48%,"45,308",790,10.69%,8.54%,0.68%,27.08%,10,7,0.03%,1.25%,"₹ 39,846.61","₹ 32,593.00",10,7
FBA79904,PB-10 (AM-C2+AI-04+AH-60-BL),B0FTVQQVDC,B0FTVQQVDC,"Audio Array Professional Studio Recording Bundle – XLR Condenser Mic Kit, 2x2 USB Audio Interface, Closed-Back Headphone, Boom Arm, Pop Filter & 48V Phantom Power| 24-bit/192kHz Podcast Kit - PB-10","1,318",13,0.43%,0.20%,"1,778",22,0.42%,0.24%,93.76%,90.00%,10,0,0.76%,0.00%,"₹ 90,116.95",₹ 0.00,10,0
FBA79958,AM-W24,B0G3Q59X8C,B0G3Q59X8C,"Audio Array AM-W24 2026 Edition Magnetic Wireless 5gm Mic with Slide Charging Case for iPhone/Android/iPad, AI Noise Reduction, 30H Battery, 200ft Range, Plug & Play for Recording, Vlogging, Streaming","1,036",24,0.34%,0.36%,"1,601",36,0.38%,0.39%,38.75%,38.89%,10,0,0.97%,0.00%,"₹ 15,201.02",₹ 0.00,10,0
FBA75673,AM-C1,B0B4DPX2J2,B0B4DPX2J2,"Audio Array AM-C1 USB Condenser Microphone Kit | for Podcasting, Online Meeting, Gaming, Singing & Live Streaming | Boom Arm, Pop Filter, Mic Cover, Spider Shock Mount, Tripod & 2.5M USB Cable","53,334",767,17.38%,11.64%,"72,909","1,099",17.20%,11.88%,0.78%,2.38%,9,0,0.02%,0.00%,"₹ 20,534.75",₹ 0.00,9,0
FBA75674,AM-C2,B0B4G19R58,B0B4G19R58,"Audio Array AM-C2 XLR Condenser Microphone Kit | Boom Arm, 2M Cable, Pop Filter & Mic Cover | Compatible with Audio Interface, Mixer & preamp | Recording, Podcasting, Streaming, Home Studio (Black)","2,798",36,0.91%,0.55%,"4,058",57,0.96%,0.62%,10.31%,12.50%,9,2,0.32%,5.56%,"₹ 26,222.03","₹ 7,648.00",9,2
FBA76863,AI-03,B0BPM2T7BQ,B0BPM2T7BQ,"Audio Array AI-03 Professional Sound Card with Bluetooth | Podcast Production Setup with 4 mic input & 4 outputs | +48V phantom power, PC/Mac connectivity | 6-8hr Battery | Streaming, Singing & Gaming","2,263",38,0.74%,0.58%,"2,958",56,0.70%,0.61%,41.60%,30.30%,9,0,0.40%,0.00%,"₹ 23,129.66",₹ 0.00,9,0
FBA75683,AA-03,B0B4G94VP3,B0B4G94VP3,"Audio Array AA-03 Double Layer Professional Pop Filter | Flexible 360° Free Angle Adjustable, Durable Windshield | Metal Gooseneck Stabilizing Arm Holder with 32cm Arm Length | Suitable for Recording.",539,15,0.18%,0.23%,704,17,0.17%,0.18%,12.54%,10.00%,8,0,1.48%,0.00%,"₹ 3,383.05",₹ 0.00,8,0
FBA76414,AA-05,B0BLJVJ2GN,B0BLJVJ2GN,"Audio Array AA-05 Suspension Boom Scissor Microphone Arm Stand | Universal clamp with mic Holder & 3/8″ to 5/8″ Adapter for Shock mounts | Suitable for Stages, Studios, Broadcasting, TV Stations","3,307",110,1.08%,1.67%,"4,840",159,1.14%,1.72%,5.46%,4.12%,8,1,0.24%,0.91%,"₹ 4,400.00",₹ 649.00,8,1
FBA79107,AM-W17,B0CM9P5CCK,B0CM9P5CCK,"Audio Array AM-W17 Dual Wireless Lapel Mic|in-Built ANC, Plug N Play,Long Battery Life, Ultra-Low Latency,Upto 30M Range|Compatible with iPhone & Android|Vlogging, Streaming, Teaching,YouTube, Black",835,17,0.27%,0.26%,"1,194",26,0.28%,0.28%,34.65%,31.25%,8,0,0.96%,0.00%,"₹ 10,248.31",₹ 0.00,8,0
FBA75687,AM-W11,B0B4G5ZLTB,B0B4G5ZLTB,"Audio Array AM-W11 Wireless Mic | Upto 4hr Battery & 60m Range | Volume & Mute Buttons with Indicators | Streaming, Vlogging, YouTube | 1x Lapel mic, Type C Adapter for Plug & Play | 2 Year Warranty",326,9,0.11%,0.14%,458,11,0.11%,0.12%,99.76%,100.00%,6,0,1.84%,0.00%,"₹ 9,699.15",₹ 0.00,6,0
FBA76723,AM-C20,B0BLKF46QG,B0BLKF46QG,"Audio Array AM-C20 USB Microphone | Unique Tilt Stand & one Touch Mute | Plug n Play, No Latency Cardioid Pickup | for PC, Smartphones, iOS | Gaming, Streaming, Podcasts, Twitch, YouTube, Discord",492,10,0.16%,0.15%,682,11,0.16%,0.12%,40.47%,40.00%,6,0,1.22%,0.00%,"₹ 6,859.32",₹ 0.00,6,0
FBA78974,AA-20,B0CF5RRTDJ,B0CF5RRTDJ,"Audio Array AA-20 Microphone Arm Stand | 81cm Reach | Premium light weight & slick design | Flexible height & position adjustments | 1kg Weight Capacity | 5/8"" to 3/8"" Screw Adapter | Cable Ties",574,24,0.19%,0.36%,773,29,0.18%,0.31%,29.49%,50.00%,6,0,1.05%,0.00%,"₹ 10,672.88",₹ 0.00,6,0
FBA79959,AM-W47 Wired,B0G39ZHDYP,B0G39ZHDYP,"Audio Array Wired Voice Amplifier 2026 Edition | Bluetooth 5.3 | Wired Headset Mic with 10W Speaker for Teachers, Tour Guides | 10Hrs Battery Life |1 Click Monitoring | TWS Connectivity AM-W47 Wired",771,15,0.25%,0.23%,"1,102",22,0.26%,0.24%,8.81%,18.18%,6,0,0.78%,0.00%,"₹ 5,337.29",₹ 0.00,6,0
FBA79969,UB-03 (AM-S1 + AA-22),B0G3B677Z5,B0G3B677Z5,"Audio Array Studio Monitor Bundle with 60W Powered Speakers & Adjustable Metal Stands | Bluetooth, HDMI ARC, USB-C, RCA Inputs | Professional Studio Monitors for Home Studio, Streaming & Gaming-UB-03","2,474",47,0.81%,0.71%,"2,839",49,0.67%,0.53%,30.13%,44.83%,6,0,0.24%,0.00%,"₹ 38,300.00",₹ 0.00,6,0
FBA79962,AM-Mix4 OTG,B0G53LZNY3,B0G53LZNY3,"Audio Array AM-Mix4 OTG 4-Channel 3 Out Hybrid USB Summing Audio Mixer (4 Analog + 2 Digital), 192kHz/24-Bit OTG, 99 DSP FX, Logarithmic Faders, Balanced XLR Out, Phantom Power, Hi-Z, 3-Band EQ",927,23,0.30%,0.35%,"1,376",37,0.32%,0.40%,62.39%,66.67%,6,0,0.65%,0.00%,"₹ 27,961.02",₹ 0.00,6,0
FBA79974,AM-S1,B0GD8JSPB1,B0GD8JSPB1,"Audio Array 60W Bluetooth Bookshelf Speaker Pair | 1.5"" Silk Dome Tweeter, 4"" Sub Woofer | Music & Monitor Mode | Aux, HDMI, USB-C, TRS & RCA Connectivity","2,065",40,0.67%,0.61%,"2,686",58,0.63%,0.63%,99.96%,100.00%,6,0,0.29%,0.00%,"₹ 40,672.88",₹ 0.00,6,0
FBA75684,AA-04,B0B4G7VWXD,B0B4G7VWXD,"Audio Array AA-04 Metal Spider Shock Mount for Condenser Microphone | Anti Vibration, Suspension, Isolation | 4 Size Bottom Screws & Extra Replacement Elastic Bands | Recommended For Rode, Samson, etc",837,27,0.27%,0.41%,"1,286",43,0.30%,0.46%,4.49%,51.61%,5,1,0.60%,3.70%,"₹ 5,759.32","₹ 1,649.00",5,1
FBA79103,AI-10,B0CM6NTWBP,B0CM6NTWBP,"Audio Array AI-10 Professional Live Soundcard|1Ch Mixer |Bluetooth | 3 Condenser Mic Inputs, 2 mobilephones & PC/Mac Outputs | +48V phantom power, 4 Voice Modes, Denoise, built-in FX | Gaming, Karaoke","7,450",153,2.43%,2.32%,"11,514",217,2.72%,2.35%,1.39%,17.07%,5,0,0.07%,0.00%,"₹ 10,166.10",₹ 0.00,5,0
FBA79957,AM-W23,B0G3Q517Y2,B0G3Q517Y2,"Audio Array AM-W23 Magnetic Wieless Mic with Charging Pouch 2026 Edition 24Bit/ 48Khz, iPhone/Android/iPad/Laptop, AI Noise Reduction, 50H Battery, 230ft Range for Recording, Vlogging",408,21,0.13%,0.32%,600,27,0.14%,0.29%,2.99%,0.00%,5,0,1.23%,0.00%,"₹ 12,703.26",₹ 0.00,5,0
FBA75692,AM-C11,B0B4G1HPL5,B0B4G1HPL5,"Audio Array AM-C11 XLR/USB Dynamic Podcast Microphone | Built-in Monitoring | One Touch Mute and Volume Control | Premium Metal Build | 2M XLR & USB Cable | Streaming, Gaming, Podcasting, Singing","1,099",31,0.36%,0.47%,"1,532",41,0.36%,0.44%,17.02%,8.82%,4,0,0.36%,0.00%,"₹ 16,098.31",₹ 0.00,4,0
FBA75691,AM-W14,B0B4G5JG4P,B0B4G5JG4P,"Audio Array AM-W14 UHF Dual Wireless Premium Metal Microphone | 2X XLR Outs & 1/4"" Mix Out | Range up to 200ft/60m | Karaoke Singing, Wedding, DJ, Church | PA System, Amplifier, Mixer, Party Box","1,141",37,0.37%,0.56%,"1,531",50,0.36%,0.54%,70.92%,86.21%,4,0,0.35%,0.00%,"₹ 22,030.51",₹ 0.00,4,0
FBA75678,AA-01,B0B4G8PH2P,B0B4G8PH2P,"Audio Array AA-01 Suspension Boom Scissor Microphone Stand | Double Layer Mesh Pop Filter | 70cm Sturdy Boom Arm with 1.8kg Capacity | 5/8"" to 3/8"" Screw Adapter | Mic Holder, Foam Cover, Cable Ties","1,077",31,0.35%,0.47%,"1,411",50,0.33%,0.54%,25.51%,17.14%,6,3,0.56%,9.68%,"₹ 10,927.12","₹ 6,447.00",4,1
FBA79010,AM-C42,B0CH4T2BJD,B0CH4T2BJD,"Audio Array AM-C42 Plug & Play AI Noise Cancelling USB Condenser Microphone | Mute Button/Echo/Volume Knob | Kit with Boom Arm & Pop Filter | Karaoke, Gaming, Streaming, Podcast | Mac/PC/Mobile",576,13,0.19%,0.20%,817,17,0.19%,0.18%,54.75%,75.00%,4,2,0.69%,15.38%,"₹ 5,844.92","₹ 4,698.00",4,2
FBA79109,AM-W18,B0CM9HYVDM,B0CM9HYVDM,"Audio Array AM-W18 Wireless Karaoke Speaker with Microphone | Portable Bluetooth Speaker for Singing & Gifting with Voice Changer | Upto 8+ Hours of Playback | Bluetooth v5.3, SD Card & AUX in (Pink)","3,444",65,1.12%,0.99%,"4,986",96,1.18%,1.04%,0.35%,0.00%,4,0,0.12%,0.00%,"₹ 3,129.66",₹ 0.00,4,0
FBA79722,AM-W21,B0F2HYY7JF,B0F2HYY7JF,"Audio Array AM-W21 Dual Wireless Lapel Mic | TFT Card Recording, Noise Cancellation & Echo | Android, iOS, DSLR Camera, Laptops | 360° Pickup, Plug n Play, 60M Working Range, 48-Hour Battery Life",368,19,0.12%,0.29%,527,28,0.12%,0.30%,83.78%,80.00%,4,0,1.09%,0.00%,"₹ 10,208.47",₹ 0.00,4,0
FBA79824,GB-01 (AM-C43 +AI-10),B0FJ2K95XT,B0FJ2K95XT,"Audio Array Ultimate Gaming Bundle | Condenser Mic with Boom Arm & Sound Card | Streaming Kit for PC/Mobile with 14 FX, Voice Modes, Loopback, Real Time Monitoring |for YouTube & Live Stream - GB-01","1,166",23,0.38%,0.35%,"1,478",32,0.35%,0.35%,53.44%,57.14%,4,0,0.34%,0.00%,"₹ 18,767.80",₹ 0.00,4,0
FBA79845,UB-02 (AM-S1 + AA-21),B0FN7B3KWS,B0FN7B3KWS,"Audio Array Studio Monitor Bundle with 60W Powered Speakers & Adjustable Metal Stands | Bluetooth, HDMI ARC, USB-C, RCA Inputs | Professional Studio Monitors for Home Studio, Streaming & Gaming-UB-02","2,493",66,0.81%,1.00%,"2,859",73,0.67%,0.79%,45.18%,51.22%,4,0,0.16%,0.00%,"₹ 29,488.98",₹ 0.00,4,0
FBA79841,AH-60 BL,B0FQBTRM28,B0FQBTRM28,"Audio Array AH-60-BL, 60Ω, Professional Monitoring Headphones | 53mm Drivers | 10Hz–30KHz | 105dB SPL | Closed-Back, DJ & Studio | 3m Cable with 3.5mm & 6.3mm Plugs (Blue)","1,299",26,0.42%,0.39%,"1,860",37,0.44%,0.40%,8.65%,0.00%,4,0,0.31%,0.00%,"₹ 6,727.12",₹ 0.00,4,0
FBA79960,AM-W47 Wireless,B0G3B152FR,B0G3B152FR,"Audio Array Wireless Voice Amplifier 2026 Edition | Bluetooth 5.3 |10W Speaker With Wireless Mic | For Teachers, Tour Guides |10 Hrs Battery Life |1 Click Monitoring | TWS Connectivity AM-W47 Wireless",924,17,0.30%,0.26%,"1,241",25,0.29%,0.27%,3.14%,0.00%,4,0,0.43%,0.00%,"₹ 6,764.15",₹ 0.00,4,0
FBA80016,AM-W22 Duplicate,B0GKPXQ8G3,B0GKPXQ8G3,"Audio Array AM-W22_V2 | Latest 2026 Edition Wireless Microphone for Camera/iPhone/Android/iPad/Laptop, Lav Mic with Charging Case, AI Noise Reduction, 50H Battery, 230ft Range, for Recording, YouTube",178,8,0.06%,0.12%,276,10,0.07%,0.11%,99.60%,100.00%,4,0,2.25%,0.00%,"₹ 11,183.05",₹ 0.00,4,0
FBA79379,AM-C45,B0D3LZWTHV,B0D3LZWTHV,"Audio Array AM-C45 XLR/USB Professional RGB Dynamic Podcast Microphone | Built-in Monitoring | One Touch Mute Volume & Noise-Cancellation | 2M USB Cable & Metal Base | Streaming, Podcasting, Singing","2,217",45,0.72%,0.68%,"3,120",56,0.74%,0.61%,4.38%,9.68%,3,0,0.14%,0.00%,"₹ 8,893.22",₹ 0.00,3,0
FBA79825,GB-02 (AM-C43 + AI-11),B0FJ2DT13L,B0FJ2DT13L,"Audio Array All in 1 Pro Bundle | Condenser Mic with USB Bluetooth Soundcard Mixer | Complete Setup for Streaming, Podcasting, Gaming, Singing & Home Studio Recording - GB-02","1,028",22,0.34%,0.33%,"1,249",24,0.29%,0.26%,75.53%,80.00%,3,0,0.29%,0.00%,"₹ 6,608.47",₹ 0.00,3,0
FBA79840,AH-60 RD,B0FQBWV1ST,B0FQBWV1ST,"Audio Array AH-60-RD Semi-Open Back DJ Headphones | 50mm Drivers Delivers Dynamic Balanced Output | 15Hz–25kHz, 32Ω, 100dB SPL, 1200mW | 3m OFC Single-Sided Cable with Screw-On 3.5mm + 6.3mm Plug","2,291",20,0.75%,0.30%,"2,980",25,0.70%,0.27%,14.11%,0.00%,3,0,0.13%,0.00%,"₹ 5,082.20",₹ 0.00,3,0
FBA79820,AC-3XL,B0FQJWWDVK,B0FQJWWDVK,"Audio Array AC-3XL Mic Cable 6.35mm Jack Male to XLR 3PIN Female Cord Wire | Microphone/Guitar Cable | Black, 1pc Pack (3 Meter/10 Feet)",614,19,0.20%,0.29%,835,23,0.20%,0.25%,8.64%,11.76%,3,0,0.49%,0.00%,"₹ 1,141.53",₹ 0.00,3,0
FBA79842,AM-C48,B0G4DNF8RZ,B0G4DNF8RZ,"Audio Array AM-C48 XLR/USB Professional Full RGB Dynamic Microphone Kit | AI Noise Cancellation | Touch & Knob Controls | Built-in Headphone Monitoring | Podcasting, Recording, Streaming, YouTube","1,184",17,0.39%,0.26%,"1,855",30,0.44%,0.32%,26.89%,13.33%,3,0,0.25%,0.00%,"₹ 8,556.78",₹ 0.00,3,0
FBA75688,AM-W12,B0B4G763WS,B0B4G763WS,"Audio Array AM-W12 UHF Dual Wireless Premium Metal Microphones | 4+ Hours Receiver Battery Backup | Range up to 60m| Karaoke Singing, Wedding, DJ, Church | PA System, Amplifier, Mixer, Party Box, etc","1,733",44,0.56%,0.67%,"2,271",57,0.54%,0.62%,10.37%,8.82%,2,0,0.12%,0.00%,"₹ 6,777.97",₹ 0.00,2,0
FBA75679,AA-02,B0B4JRQP22,B0B4JRQP22,"Audio Array AA-02 3-Panel Curved Isolation Shield with Insulation, Absorption & Reflection Filter | 3/8"" and 5/8"" Universal Mic Mount for Recording Studio, Podcasts, Singing & Broadcasting","1,946",43,0.63%,0.65%,"2,442",54,0.58%,0.58%,3.14%,7.14%,2,2,0.10%,4.65%,"₹ 4,235.59","₹ 4,998.00",2,2
FBA76730,AM-C27,B0BLKB6FRR,B0BLKB6FRR,"Audio Array AM-C27 XLR to TRS Cardioid Dynamic Handheld Microphone Sound for Live Events | Premium Built with 4.5M Cable | Singing, Public Meetings, Studio Recording, Live Sound, Party",33,0,0.01%,0.00%,40,0,0.01%,0.00%,60.53%,0.00%,2,0,6.06%,0.00%,"₹ 2,371.19",₹ 0.00,2,0
FBA77011,AM-C29,B0BPMN89NG,B0BPMN89NG,"Audio Array AM-C29 4 Pickup Pattern Professional USB Plug & Play Condenser Microphone | 3.5 mm No Latency Monitoring, Volume Control & Mute Button | For Conference, Gaming, Podcasting & Live Streaming",44,2,0.01%,0.03%,48,3,0.01%,0.03%,57.45%,100.00%,2,0,4.55%,0.00%,"₹ 1,863.56",₹ 0.00,2,0
FBA76597,AA-06,B0BQ7H7418,B0BQ7H7418,"Audio Array AA-06 Microphone Boom Arm with 35cm+35cm=70cm Adjustable Suspension Scissor Arm Stand, Shock Mount, Base Clamp, Pop-Filter, 3/8"" to 5/8"" Universal Screw Adapter, 4x Cable Ties",951,24,0.31%,0.36%,"1,319",27,0.31%,0.29%,7.03%,0.00%,2,0,0.21%,0.00%,"₹ 1,100.85",₹ 0.00,2,0
FBA79009,AM-C41,B0CH4PMR8K,B0CH4PMR8K,"Audio Array AM-C41 Plug & Play AI Noise Cancellation USB Condenser Microphone | Mute Button/Echo/Volume Knob | Kit with Tripod, Mic Cover | Gaming, Streaming, Podcast | Mac/PC/Laptop/Mobile",397,6,0.13%,0.09%,595,10,0.14%,0.11%,35.34%,50.00%,2,0,0.50%,0.00%,"₹ 2,710.17",₹ 0.00,2,0
FBA79104,AI-11,B0CM6NVLT9,B0CM6NVLT9,"Audio Array AI-11 USB Bluetooth Soundcard, 1Ch Mixer, Audio Interface | 2 Condenser In, 2 Out |2 Live Out+1 Accompany In | OTG for mobile and PC/MAC | Effects | Streaming, Podcasting, Gaming, Singing","5,238",99,1.71%,1.50%,"7,705",152,1.82%,1.64%,0.60%,30.14%,2,0,0.04%,0.00%,"₹ 2,622.03",₹ 0.00,2,0
FBA79355,AA-19BL,B0D3M86SH1,B0D3M86SH1,Audio Array AA-19BL RGB Low Profile Boomarm Stand with Riser | 71cm reach & 20 RGB lighting effects & Built-In Cable Management | Matte finish with Flexible adjustments | 2Kg Weight Capacity | Black,"1,737",67,0.57%,1.02%,"2,079",87,0.49%,0.94%,1.85%,1.56%,2,0,0.12%,0.00%,"₹ 8,472.88",₹ 0.00,2,0
FBA79447,AM-W34,B0DFMLXD9S,B0DFMLXD9S,"Audio Array AM-W34 UHF Dual Wireless Premium Metal Microphones | 800mAh 6-8 Hours Receiver Battery Backup | Range up to 50M | Karaoke Singing, Wedding, Church | PA System, Amplifier, Mixer, Party Box",772,37,0.25%,0.56%,983,55,0.23%,0.59%,9.23%,13.33%,2,1,0.26%,2.70%,"₹ 6,777.97","₹ 3,999.00",2,1
FBA79654,AM-C11 Pro,B0DN6MNS1X,B0DN6MNS1X,"Audio Array AM-C11 Pro XLR/USB Professional Dynamic Mic Kit | Premium Metal 96kHz/24bit Studio Quality | 2M XLR & USB Cables,Volume Control,Mute & Realtime Monitoring | Streaming,Gaming & podcasting",739,19,0.24%,0.29%,"1,183",28,0.28%,0.30%,18.38%,7.14%,2,0,0.27%,0.00%,"₹ 8,472.88",₹ 0.00,2,0
FBA79655,AM-C44 Pro,B0DN6PFWNK,B0DN6PFWNK,Audio Array AM-C44 Pro XLR/USB Professional Dynamic Microphone Kit | Built-in Monitoring | One Touch Mute & Volume Control | 192kHz/24bit Full Metal Build | 2M XLR & USB Cable | Streaming & Podcasting,718,14,0.23%,0.21%,960,18,0.23%,0.19%,12.88%,28.57%,2,0,0.28%,0.00%,"₹ 8,811.86",₹ 0.00,2,0
FBA79708,SB-01,B0FFB6YJM1,B0FFB6YJM1,"Audio Array SB-01 | Bluetooth Soundbar 25W, Gaming RGB Lights, AUX, Bluetooth, USB, FM & TWS I Fast Charge Battery, Multiport Connectivity, BT Speaker for TV, Mobile, PC, Laptops, Tablets Black","2,236",14,0.73%,0.21%,"2,879",24,0.68%,0.26%,19.24%,14.29%,2,0,0.09%,0.00%,"₹ 1,100.85",₹ 0.00,2,0
FBA79830,GB-03 (AI-12 + AM-C43),B0FJ8TSQK1,B0FJ8TSQK1,"Audio Array Singing Bundle | Condenser Mic with Boom Arm & Sound Card V8 | Voice Effects, Reverb, Bluetooth | Ideal for Podcasting, Karaoke, Live Streaming, YouTube & Singing - GB-03",733,21,0.24%,0.32%,907,31,0.21%,0.34%,52.35%,45.45%,2,1,0.27%,4.76%,"₹ 6,438.98","₹ 3,799.00",2,1
FBK79010,AM-C42,B0FLYJFC22,B0FLYJFC22,"Audio Array AM-C42 Plug & Play AI Noise Cancelling USB Condenser Microphone | Mute Button/Echo/Volume Knob | Kit with Boom Arm & Pop Filter | Karaoke, Gaming, Streaming, Podcast | Mac/PC/Mobile",335,10,0.11%,0.15%,470,14,0.11%,0.15%,100.00%,100.00%,2,1,0.60%,10.00%,"₹ 4,066.10","₹ 2,399.00",2,1
FBA79909,AM-W20,B0FVM17Q4W,B0FVM17Q4W,"Audio Array AM-W20 Magnetic Wireless Lapel Microphone Set | One Touch Smart Noise Reduction | 48KHz/24Bit Hi-fi Recording | 50M Range | 800mAh 48Hrs Long Battery Backup | Vlogging, Podcast, Streaming",217,6,0.07%,0.09%,286,6,0.07%,0.06%,97.25%,100.00%,2,0,0.92%,0.00%,"₹ 3,472.88",₹ 0.00,2,0
FBA79965,AM-Mix6,B0G53PRM34,B0G53PRM34,"Audio Array AM-Mix6 6-Channel Hybrid USB Audio Mixer with 6 Analog + 2 Digital Inputs, 48kHz/16-Bit, +50dB Mic Gain, PAD Switch, Dual AUX Sends,128 DSP FX, Balanced XLR Main Output, ≥102dB Max SPL",600,12,0.20%,0.18%,799,12,0.19%,0.13%,42.48%,66.67%,2,0,0.33%,0.00%,"₹ 14,405.08",₹ 0.00,2,0
FBA75680,AM-C6,B0B4G1PXWV,B0B4G1PXWV,"Audio Array AM-C6 USB Plug & Play Condenser Microphone Kit | with pop-Filter & Shock Mount | 3.5 mm No Latency Monitoring, Volume Control & Mute Button | Gaming, Podcasting & Streaming",925,10,0.30%,0.15%,"1,247",22,0.29%,0.24%,23.96%,50.00%,1,0,0.11%,0.00%,"₹ 1,609.32",₹ 0.00,1,0
FBA76728,AM-C25,B0BLNCP74M,B0BLNCP74M,"Audio Array AM-C25 Premium USB Condenser Microphone Kit with Boom Arm & Pop-Filter | No Latency Headphone Monitoring, Volume Control & Mute Button | Discord, Valorant, Gaming, Podcasting & Streaming",6,0,0.00%,0.00%,13,0,0.00%,0.00%,50.00%,0.00%,1,0,16.67%,0.00%,"₹ 1,863.56",₹ 0.00,1,0
FBA78206,AM-W15,B0C4YSV3XL,B0C4YSV3XL,Audio Array AM-W15 Dual Wireless Mic with Charging Case | Upto 16hr Battery Backup & 100m Range | Active Noise Cancellation | Informative LCD Screen | BIS & WPC Certified | 2 Yr Warranty,8,0,0.00%,0.00%,26,0,0.01%,0.00%,42.86%,0.00%,1,0,12.50%,0.00%,"₹ 4,652.54",₹ 0.00,1,0
FBA78424,AM-C37,B0C55MY66L,B0C55MY66L,"Audio Array AM-C37 Premium USB/XLR Dynamic Podcast Microphone | Volume, Mute Controls & Headphone Monitoring | Premium Metal Build | 2 Meter USB Cable Included | 96kHz/24bit Studio Performance",53,0,0.02%,0.00%,107,0,0.03%,0.00%,6.52%,0.00%,1,0,1.89%,0.00%,"₹ 3,227.97",₹ 0.00,1,0
FBA78925,AM-C11X,B0CBC7QMNV,B0CBC7QMNV,"Audio Array AM-C11X XLR Dynamic Microphone | Studio-quality Audio Output | Cardioid Polar Pattern | Premium Metal Build | 2 Meter XLR cable | for Streaming, Gaming, Podcasting, Singing | 2 Yr Warranty","1,115",32,0.36%,0.49%,"1,502",36,0.35%,0.39%,13.89%,13.64%,1,0,0.09%,0.00%,"₹ 3,092.37",₹ 0.00,1,0
FBA78960,AM-C39,B0CBCB82MT,B0CBCB82MT,"Audio Array AM-C39 XLR to 3.5mm Condenser Microphone Kit | Tripod, 2M Cable & Foam Filter | Compatible with Audio Interface, Mixer | Recording, Podcast, Streaming, Home Studio (Black)","2,184",22,0.71%,0.33%,"3,031",25,0.71%,0.27%,0.37%,0.00%,1,0,0.05%,0.00%,"₹ 1,439.83",₹ 0.00,1,0
FBA78961,AM-C40,B0CBCB9S14,B0CBCB9S14,"Audio Array AM-C40 Large Diaphragm USB Condenser Microphone Kit | Boom Arm & Pop-Filter | 96kHz/24bit No Latency Headphone Monitoring with Mute & Volume Control Knob | Singing, Podcasting & Streaming",516,25,0.17%,0.38%,806,49,0.19%,0.53%,27.85%,26.67%,1,0,0.19%,0.00%,"₹ 2,033.05",₹ 0.00,1,0
FBA78976,AA-22,B0CF5SHL15,B0CF5SHL15,"Audio Array AA-22 Desktop Mount Speaker Stands | 15KG Capacity | Height, Tilt & Rotation Adjustable | Smart Cable Management | for Sound Editing, Gaming, Music Production | Red (Set of 2)","1,545",35,0.50%,0.53%,"1,906",38,0.45%,0.41%,1.33%,9.09%,1,0,0.06%,0.00%,"₹ 3,227.97",₹ 0.00,1,0
FBA78975,AA-21,B0CF5TCQKL,B0CF5TCQKL,"Audio Array AA-21 Desktop Mount Speaker Stands | 15KG Capacity | Height, Tilt & Rotation Adjustable | Smart Cable Management | for Sound Editing, Gaming, Music Production | Black (Set of 2)","3,015",103,0.98%,1.56%,"4,210",140,0.99%,1.51%,4.29%,5.68%,1,0,0.03%,0.00%,"₹ 3,272.03",₹ 0.00,1,0
FBA79016,AM-C3a,B0CH4R1V6S,B0CH4R1V6S,"Audio Array AM-C3a Unidirectional Dynamic Handheld Karaoke Microphone | 20Hz - 20kHz Response | Karaoke Singing, Public Meetings, Studio Recording, Live Sound, Party (no Cable Included)","1,617",34,0.53%,0.52%,"2,218",48,0.52%,0.52%,4.82%,4.17%,1,0,0.06%,0.00%,₹ 634.75,₹ 0.00,1,0
FBA79011,AM-C43,B0CH4RNWJX,B0CH4RNWJX,"Audio Array AM-C43 XLR to 3.5mm Professional Condenser Microphone Kit | Boom Arm, 2M Cable & Foam Filter | Compatible with Audio Interface, Mixer | Recording, Podcast, Streaming, Home Studio (Black)","5,531",68,1.80%,1.03%,"8,236",96,1.94%,1.04%,0.88%,2.08%,1,0,0.02%,0.00%,"₹ 2,117.80",₹ 0.00,1,0
FBA79380,AM-C46,B0D3M1B4Z8,B0D3M1B4Z8,"Audio Array AM-C46 Professional RGB USB Condenser Microphone Kit | Noise-Cancellation, Mute, Monitoring & Volume Controls | 192kHz/24bit Studio Quality | Gaming, Streaming, Podcast | Mac/PC/Mobile","9,273",226,3.02%,3.43%,"12,490",333,2.95%,3.60%,1.43%,0.59%,1,0,0.01%,0.00%,"₹ 3,050.00",₹ 0.00,1,0
FBA79448,AM-W35,B0DFMKY4TT,B0DFMKY4TT,"Audio Array AM-W35 UHF Dual Wireless Premium Karaoke Microphones | 800mah 5-6 Hours Battery Backup | Range up to 50M | Karaoke Singing, Wedding, DJ, Church | PA System, Amplifier, Mixer, Party Box","3,855",42,1.26%,0.64%,"4,936",49,1.16%,0.53%,10.82%,9.68%,1,0,0.03%,0.00%,"₹ 3,388.98",₹ 0.00,1,0
FBA79653,AM-C45 Pro,B0DN6LJZBR,B0DN6LJZBR,"Audio Array AM-C45 XLR/USB Pro RGB Dynamic Microphone Kit | 192kHz/24bit Studio Quality Output | Volume Control, Mute and Noise Cancellation | Realtime Monitoring for Streaming, Gaming & podcasting",534,7,0.17%,0.11%,721,8,0.17%,0.09%,15.01%,20.00%,2,0,0.37%,0.00%,"₹ 6,947.46",₹ 0.00,1,0
FBA79823,PB-01 (AM-C11 + AI-04),B0FJ2HZCVN,B0FJ2HZCVN,"Audio Array Ultimate Podcast Bundle | Dynamic Microphone with USB/XLR Connectivity & 24-Bit/192kHz Audio Interface | Ideal for Podcasting, Streaming, Voice Recording & Content Creation - PB-01","2,249",60,0.73%,0.91%,"2,511",72,0.59%,0.78%,29.50%,27.50%,1,0,0.04%,0.00%,"₹ 7,880.51",₹ 0.00,1,0
FBA79821,"UB-01 (AI-04, AM-S1, AA-21, AM-C2)",B0FJ2JJZL3,B0FJ2JJZL3,"Audio Array Professional Studio Bundle with 24-Bit/192kHz Audio Interface, 4"" Studio Monitors, Condenser Mic & Stands | for Music Production, Podcasting, Dubbing, Recording & Audio Mixing - UB-01","5,293",104,1.73%,1.58%,"6,675",116,1.57%,1.25%,40.12%,48.48%,1,0,0.02%,0.00%,"₹ 16,524.58",₹ 0.00,1,0
FBA79827,PB-03 (AI-04 Red + AM-C11 x 2),B0FJ8S5XJ8,B0FJ8S5XJ8,"Audio Array Complete Podcast Bundle | Dual USB/XLR Dynamic Microphones with Audio Interface 24bit / 192kHz|Metal Body|Pro Streaming & Recording Kit for PC, Mac & Mobile - PB-03","1,889",62,0.62%,0.94%,"2,228",76,0.53%,0.82%,26.85%,29.41%,1,0,0.05%,0.00%,"₹ 11,863.56",₹ 0.00,1,0
FBA79815,AM-W19,B0FPR7VFCH,B0FPR7VFCH,"Audio Array AM-W19 Wireless Lavalier Microphone|192kHz/24bit |AI Noise Cancellation for iPhone/Android, 32h Charging Case, Plug & Play for Vlogging, Streaming, Meetings, Video Recording",438,7,0.14%,0.11%,576,10,0.14%,0.11%,0.58%,0.00%,1,0,0.23%,0.00%,₹ 0.00,₹ 0.00,1,0
FBA79816,AM-W22,B0FPR962YS,B0FPR962YS,"Audio Array AM-W22 | Latest 2026 Edition Wireless Microphone for Camera/iPhone/Android/iPad/Laptop, Lav Mic with Charging Case, AI Noise Reduction, 50H Battery, 230ft Range, for Recording, YouTube","1,292",45,0.42%,0.68%,"1,857",67,0.44%,0.72%,6.86%,0.00%,1,0,0.08%,0.00%,"₹ 3,007.63",₹ 0.00,1,0
FBA79906,PB-12 (AM-C11+AA-05+AI-04+AH-60-RD),B0FTVVLNS9,B0FTVVLNS9,"Audio Array Professional Dynamic Bundle with Headphones & Audio Interface - USB/XLR Dynamic Microphone, 24-bit/192kHz Interface, Boom Arm & Semi-Open Headphones | Plug & Play Podcast Kit - PB-12","1,362",26,0.44%,0.39%,"1,751",35,0.41%,0.38%,12.57%,15.00%,1,0,0.07%,0.00%,"₹ 9,914.41",₹ 0.00,1,0
FBA75676,AM-C4,B0B4DS678Q,B0B4DS678Q,"Audio Array AM-C4 USB Plug & Play Condenser Microphone with Tripod, Pop-Filter & Shock Mount | for Conference, Gaming, Podcasting, Voice Over, YouTube, Skype, Zoom & Live Streaming on iOS,Windows",709,12,0.23%,0.18%,962,15,0.23%,0.16%,3.24%,25.00%,0,0,0.00%,0.00%,₹ 0.00,₹ 0.00,0,0
FBA75675,AM-C3,B0B4G8ZB64,B0B4G8ZB64,"Audio Array AM-C3 XLR to TRS Dynamic Handheld Karaoke Microphone | Premium Metal Built with 3M Cable | Singing, Public Meetings, Studio Recording, Live Show, Party, Church, Wedding","1,034",23,0.34%,0.35%,"1,463",36,0.35%,0.39%,4.15%,6.67%,0,0,0.00%,0.00%,₹ 0.00,₹ 0.00,0,0
FBA75690,AM-C10,B0B4K87PR4,B0B4K87PR4,Audio Array AM-C10 USB Plug & Play Conference Microphone with Speaker | Omni Directional Pickup Upto 4M | Speaker and Mic Mute Buttons | Volume Control & Mute Button | Ideal for Meeting & Video Call,595,31,0.19%,0.47%,783,38,0.18%,0.41%,1.27%,0.00%,0,0,0.00%,0.00%,₹ 0.00,₹ 0.00,0,0
FBA75677,AM-C5,B0B4KC7VBM,B0B4KC7VBM,"Audio Array AM-C5 USB Plug & Play Conference Mic for Mac OS & Windows | Conference, Recording, Skype, Online Class with Range Upto 5M | One Touch Mute Button & Light Indicator (NOT A Speaker)","1,635",128,0.53%,1.94%,"2,148",192,0.51%,2.08%,3.25%,2.44%,0,0,0.00%,0.00%,₹ 0.00,₹ 0.00,0,0
FBA76716,AM-C13,B0BLK8DNPD,B0BLK8DNPD,Audio Array AM-C13 Condenser Lapel Microphone | 6M Shielded Cable | Metal Build | Plug n Play Mobile & DSLR Support | 3.5mm Connector | Omnidirectional Pickup | Hard Case Included | 1 Year Warranty.,12,0,0.00%,0.00%,18,0,0.00%,0.00%,100.00%,0.00%,0,0,0.00%,0.00%,₹ 0.00,₹ 0.00,0,0
FBA78203,AM-C30,B0C4YTNJG7,B0C4YTNJG7,"Audio Array AM-C30 Metal RGB Professional USB Microphone | One-Touch Mute, Gain & No-Latency Monitoring Controls | Shock Mount and Tripod | for PC/Mobile, Gaming, Streaming, Podcasting & Voiceover",102,5,0.03%,0.08%,138,5,0.03%,0.05%,2.48%,0.00%,0,0,0.00%,0.00%,₹ 0.00,₹ 0.00,0,0
FBA78420,AM-C33,B0C5957W3P,B0C5957W3P,"Audio Array AM-C33 Lapel Microphone | 1M Long, Strong Cable | 3.5mm TRRS | 3.5mm TRRS Port & TRRS to TRS Adapter | Omnidirectional Pickup | Mic Cover & Leather Carry Bag Included | 1 Year Warranty",18,0,0.01%,0.00%,20,0,0.00%,0.00%,100.00%,0.00%,0,0,0.00%,0.00%,₹ 0.00,₹ 0.00,0,0
FBA78973,AA-19,B0CF5R3V95,B0CF5R3V95,"Audio Array AA-19 2in1 High & Low Profile Mic Stand | 71cm reach | Premium Metal design with Built In Cable Management | Flexible Position adjustments | 2Kg Weight Capacity |5/8"" to 3/8"" Screw Adapter","2,989",106,0.97%,1.61%,"4,087",166,0.96%,1.79%,1.08%,2.63%,0,0,0.00%,0.00%,₹ 0.00,₹ 0.00,0,0
FBA79008,AI-06,B0CH4RT4P8,B0CH4RT4P8,"Audio Array AI-06 Streaming Audio Mixer Sound Card | XLR, 1/4"" & line in | PC/Phone RGB Mixer with Volume Fader, Individual Control, Mute and Monitoring, 48V Phantom Power | Stream, Podcast & Karaoke","3,489",78,1.14%,1.18%,"4,287",91,1.01%,0.98%,5.81%,3.03%,0,0,0.00%,0.00%,₹ 0.00,₹ 0.00,0,0
FBA79064,AA-25,B0CJR76Y7G,B0CJR76Y7G,"Audio Array AA-25 Handheld Microphone Interview Adapter for Wireless Lapel Microphones | Supports, Rode Go, DJI, Hollyland mics etc | Foam Cover with Built-in Cold Shoe Mount",932,33,0.30%,0.50%,"1,399",55,0.33%,0.59%,0.81%,0.00%,0,0,0.00%,0.00%,₹ 0.00,₹ 0.00,0,0
FBA79106,AM-C44,B0CM9KJZWQ,B0CM9KJZWQ,"Audio Array AM-C44 XLR/USB Professional Dynamic Podcast Microphone | Built-in Monitoring | One Touch Mute & Volume Control | 192kHz/24bit Full Metal Build | 2M XLR & USB Cable | Streaming, Podcasting","1,237",32,0.40%,0.49%,"1,731",36,0.41%,0.39%,1.85%,13.64%,0,0,0.00%,0.00%,₹ 0.00,₹ 0.00,0,0
FBA79108,AM-W16,B0CM9L1QZG,B0CM9L1QZG,"Audio Array AM-W16 Solo Wireless Lapel Over Ear Mic|in-Built ANC,Plug N Play,LongBattery Life,Ultra-Low Latency,Upto 30M Range|Compatible with iPhone&Android|Vlogging,Streaming,Teaching,YouTube,Black",444,6,0.14%,0.09%,631,8,0.15%,0.09%,1.25%,0.00%,0,0,0.00%,0.00%,₹ 0.00,₹ 0.00,0,0
FBA79230,AM-W46,B0CX1XK5R6,B0CX1XK5R6,Audio Array AM-W46 Groove Wireless Bluetooth 5.3 Bookshelf Speaker 30W | 5400mAh upto 24h Long Battery | 3 EQ Modes | Stylish Premium Metal Body | Superior Bass Quality,535,13,0.17%,0.20%,680,14,0.16%,0.15%,6.19%,0.00%,0,0,0.00%,0.00%,₹ 0.00,₹ 0.00,0,0
FBA79356,AA-19WL,B0D3Q2T5XX,B0D3Q2T5XX,Audio Array AA-19WL RGB Low Profile Boomarm Stand with Riser | 71cm reach & 20 RGB lighting effects & Built-In Cable Management | Matte finish with Flexible adjustments | 2Kg Weight Capacity | White,"1,215",54,0.40%,0.82%,"1,479",69,0.35%,0.75%,2.82%,2.17%,0,0,0.00%,0.00%,₹ 0.00,₹ 0.00,0,0
FBA79449,AM-W36,B0DFMNGFTD,B0DFMNGFTD,"Audio Array AM-W36 UHF Dual Wireless Premium Metal Microphone with Charging | 2X XLR Outs & 1/4"" Mix Out | 328ft/100M Range | Karaoke Singing, Wedding, Events | PA System, Amplifier, Mixer, Party Box","4,186",117,1.36%,1.78%,"5,686",178,1.34%,1.92%,2.67%,0.84%,0,0,0.00%,0.00%,₹ 0.00,₹ 0.00,0,0
FBA79783,AM-C47,B0FF9R3GKK,B0FF9R3GKK,"Audio Array AM-C47 RGB USB Condenser Mic Kit | AI Noise Cancellation, 192kHz/24Bit Studio Quality, Touch Control, Headphone Monitoring | Podcasting, YouTube, Gaming & Streaming | Mac/PC & Mobile",461,12,0.15%,0.18%,601,13,0.14%,0.14%,1.51%,0.00%,0,0,0.00%,0.00%,₹ 0.00,₹ 0.00,0,0
FBA79822,KB-01 (AM-W32 + AI-12),B0FJ2J6MTF,B0FJ2J6MTF,"Audio Array Portable Karaoke Bundle | Dual Wireless UHF Microphones with Rechargeable Battery Receiver & USB Plug n Play BT Soundcard Mixer | Ideal for Parties, Home Karaoke & Live Singing - KB-01",224,4,0.07%,0.06%,292,13,0.07%,0.14%,9.96%,0.00%,0,0,0.00%,0.00%,₹ 0.00,₹ 0.00,0,0
FBA79826,PB-02 (AI-04 Red + AM-C11 + AA-05),B0FJ2LQT7K,B0FJ2LQT7K,"Audio Array Complete Podcast Bundle | USB/XLR Dynamic Mic with Audio Interface 24bit/192kHz & Boom Arm Stand | Professional Streaming & Recording Kit for PC, Mac & Mobile Devices - PB-02",140,1,0.05%,0.02%,208,1,0.05%,0.01%,1.08%,0.00%,0,0,0.00%,0.00%,₹ 0.00,₹ 0.00,0,0
FBA79833,PB-04 (AI-04 Red + AM-C44 x 2),B0FJ8PZ9H7,B0FJ8PZ9H7,"Audio Array Pro Podcasting Bundle | Audio Interface with 48V Phantom Power & Dual USB/XLR Touch-Control Mics | 192kHz/24bit, Mute, Monitor, Volume Control | Recording, Streaming & Podcasting - PB-04","3,546",46,1.16%,0.70%,"4,018",55,0.95%,0.59%,43.59%,57.14%,0,0,0.00%,0.00%,₹ 0.00,₹ 0.00,0,0
FBA79832,GB-05 (AM-C43 + AI-06),B0FJ8S53GW,B0FJ8S53GW,"Audio Array Streaming Bundle Kit | USB Condenser Mic & RGB Sound Card with Phantom Power, Voice Effects, Real-Time Monitoring | for Podcasting, Gaming, YouTube & Live Streaming - GB-05",809,24,0.26%,0.36%,987,38,0.23%,0.41%,3.47%,9.68%,0,0,0.00%,0.00%,₹ 0.00,₹ 0.00,0,0
FBA79834,PB-05 (AA-05 + AM-C11 + AI-04),B0FJ8T4WXM,B0FJ8T4WXM,"Audio Array Podcast Kit | USB/XLR Dynamic Mic with Boom Arm & Audio Interface 24-Bit/192kHz | Metal Build | Plug & Play | No-Latency Monitoring for Streaming, Recording & Content Creation - PB-05",219,5,0.07%,0.08%,271,5,0.06%,0.05%,100.00%,100.00%,0,0,0.00%,0.00%,₹ 0.00,₹ 0.00,0,0
FBA79835,PB-06 (AA-05 + AM-C44 + AI-04),B0FJ8TWCQZ,B0FJ8TWCQZ,"Audio Array Pro Podcast Bundle | USB/XLR Dynamic Microphone with 24-Bit/192kHz Audio Interface & Boom Arm | Real-Time Monitoring, Plug & Play for Streaming, Recording & Content Creation - PB-06",594,6,0.19%,0.09%,782,8,0.18%,0.09%,12.08%,0.00%,0,0,0.00%,0.00%,₹ 0.00,₹ 0.00,0,0
FBA79831,GB-04 (AM-C45 + AI-06),B0FJ8W5Y9Q,B0FJ8W5Y9Q,"Audio Array RGB Gaming Bundle|RGB USB Dynamic Microphone with Sound Card – Mute, Volume Control, Monitoring, Noise Cancellation, Voice Effects|for Streaming, Podcasting, Gaming, Singing - GB-04",27,0,0.01%,0.00%,38,0,0.01%,0.00%,45.16%,0.00%,0,0,0.00%,0.00%,₹ 0.00,₹ 0.00,0,0
FBA79836,PB-07 (AA-05 + AM-C45 + AI-04),B0FJ8Z1W81,B0FJ8Z1W81,"Audio Array RGB Podcast Bundle | Dynamic RGB USB/XLR Mic with 24-Bit/192kHz Audio Interface & Boom Arm | AI Noise Cancelling, Plug & Play Kit for Streaming, Podcasting, Gaming & Recording - PB-07",82,0,0.03%,0.00%,95,0,0.02%,0.00%,31.87%,0.00%,0,0,0.00%,0.00%,₹ 0.00,₹ 0.00,0,0
FBA79846,AM-C11X Pro,B0FN7C25VS,B0FN7C25VS,"Audio Array AM-C11X Pro XLR Podcast Mic Kit with Dynamic Microphone, 2m XLR Cable & Adjustable Boom Arm | Studio-Quality Sound, 20Hz–20kHz, All-Metal Build for Podcasting, Streaming & Recording",392,12,0.13%,0.18%,565,13,0.13%,0.14%,1.59%,20.00%,0,0,0.00%,0.00%,₹ 0.00,₹ 0.00,0,0
FBA79847,PB-09 (AM-C45 + AI-06 + AA-05),B0FN7FYZM3,B0FN7FYZM3,"Audio Array RGB Gaming Mic Bundle with USB/XLR Microphone, Boom Arm & Sound Card Mixer | Streaming Mic Kit with Voice Effects, AI Noise Cancel, RGB Lights for Podcasting, Gaming & Recording - PB-09",30,0,0.01%,0.00%,41,0,0.01%,0.00%,2.50%,0.00%,0,0,0.00%,0.00%,₹ 0.00,₹ 0.00,0,0
FBA79905,PB-11 (AM-C44+AA-05+AH-45-BK),B0FTVSH458,B0FTVSH458,"Audio Array Professional Dynamic Studio Bundle with Headphones – USB/XLR Dynamic Microphone, Boom Arm, Monitoring Headphones | 24-bit/192kHz, Plug & Play, No-Latency Recording, Monitoring - PB-11",162,3,0.05%,0.05%,211,3,0.05%,0.03%,0.00%,0.00%,0,0,0.00%,0.00%,₹ 0.00,₹ 0.00,0,0
FBA79963,AM-Mix8,B0G53CB72D,B0G53CB72D,"Audio Array AM-Pro8 8-Channel Hybrid USB Mixer 8 Analog+2 Digital Inputs, 48kHz/16-Bit, Built-In Compressor, 6AUX Sends, Group Buses, Insert Points,+24dBu Balanced Outputs for Live, Studio & Broadcast","1,856",27,0.60%,0.41%,"2,321",37,0.55%,0.40%,12.28%,12.50%,0,0,0.00%,0.00%,₹ 0.00,₹ 0.00,0,0
FBA79966,AM-Mix10,B0G53KWRVW,B0G53KWRVW,"Audio Array AM-Mix10 10-Channel Hybrid USB Mixer with10 Analog+2 Digital Inputs, 48kHz/16-Bit DSP, Phantom Power, USB-C Powered, AUX Sends, Built-In FX, Balanced XLR Outputs for Live, Studio & Podcast","1,799",33,0.59%,0.50%,"2,471",41,0.58%,0.44%,58.08%,60.71%,0,0,0.00%,0.00%,₹ 0.00,₹ 0.00,0,0
FBA79964,AM-Pro12,B0G53KWRWH,B0G53KWRWH,"Audio Array AM-Pro12 12-Channel HYBRID USB Mixer 12 channel analog+2 digital 48kHz/16bit,128DSP Fx, Built-In Compressor, 4Group Buses, Inserts,+24dBu Balanced XLR Outs For Live, Studio & Broadcast","2,390",47,0.78%,0.71%,"3,068",61,0.72%,0.66%,39.51%,36.36%,0,0,0.00%,0.00%,₹ 0.00,₹ 0.00,0,0
FBA79105,AI-12,B0CM6WH4ZT,B0CM6WH4ZT,"Audio Array AI-12 USB Bluetooth Soundcard | 1Ch Mixer interface | 2 mic inputs, 2 smartphone & PC/Mac outputs | Karaoke Recording, Mobile/PC Streaming, Live Broadcasting | Singing, Recording,Gaming","3,212",66,3.30%,2.31%,"4,249",87,3.06%,2.18%,33.45%,52.63%,15,0,0.47%,0.00%,"₹ 16,767.80",₹ 0.00,15,0
FBA76864,AI-04 Red,B0BPLZ5CGV,B0BPLZ5CGV,Audio Array AI-04 2x2 Gen 3 Audio Interface | Premium Mic Pre-Amps | 48V Phantom Power Support | 24bit/192kHz High Fidelity Recording | XLR/MIC/LINE inputs | Plug & Play-No Drivers | Metal Body | Red,"32,229",592,33.14%,20.76%,"46,988",837,33.89%,20.99%,1.26%,1.97%,6,0,0.02%,0.00%,"₹ 23,679.66",₹ 0.00,6,0
FBA75684,AA-04,B0B4G7VWXD,B0B4G7VWXD,"Audio Array AA-04 Metal Spider Shock Mount for Condenser Microphone | Anti Vibration, Suspension, Isolation | 4 Size Bottom Screws & Extra Replacement Elastic Bands | Recommended For Rode, Samson, etc",837,27,0.10%,0.18%,"1,286",43,0.12%,0.20%,4.22%,0.00%,2,0,0.24%,0.00%,"₹ 2,879.66",₹ 0.00,2,0
FBA79105,AI-12,B0CM6WH4ZT,B0CM6WH4ZT,"Audio Array AI-12 USB Bluetooth Soundcard | 1Ch Mixer interface | 2 mic inputs, 2 smartphone & PC/Mac outputs | Karaoke Recording, Mobile/PC Streaming, Live Broadcasting | Singing, Recording,Gaming",841,15,0.10%,0.10%,"1,083",17,0.10%,0.08%,18.37%,15.38%,2,0,0.24%,0.00%,"₹ 2,413.56",₹ 0.00,2,0
FBA75683,AA-03,B0B4G94VP3,B0B4G94VP3,"Audio Array AA-03 Double Layer Professional Pop Filter | Flexible 360° Free Angle Adjustable, Durable Windshield | Metal Gooseneck Stabilizing Arm Holder with 32cm Arm Length | Suitable for Recording.",442,12,0.05%,0.08%,582,14,0.05%,0.06%,1.49%,0.00%,1,0,0.23%,0.00%,₹ 378.81,₹ 0.00,1,0
FBA78975,AA-21,B0CF5TCQKL,B0CF5TCQKL,"Audio Array AA-21 Desktop Mount Speaker Stands | 15KG Capacity | Height, Tilt & Rotation Adjustable | Smart Cable Management | for Sound Editing, Gaming, Music Production | Black (Set of 2)",585,16,0.07%,0.10%,778,21,0.07%,0.10%,1.05%,0.00%,1,0,0.17%,0.00%,"₹ 3,177.12",₹ 0.00,1,0
FBA79009,AM-C41,B0CH4PMR8K,B0CH4PMR8K,"Audio Array AM-C41 Plug & Play AI Noise Cancellation USB Condenser Microphone | Mute Button/Echo/Volume Knob | Kit with Tripod, Mic Cover | Gaming, Streaming, Podcast | Mac/PC/Laptop/Mobile",311,6,0.04%,0.04%,473,10,0.04%,0.05%,1.18%,0.00%,1,0,0.32%,0.00%,"₹ 1,312.71",₹ 0.00,1,0
FBA76864,AI-04 Red,B0BPLZ5CGV,B0BPLZ5CGV,Audio Array AI-04 2x2 Gen 3 Audio Interface | Premium Mic Pre-Amps | 48V Phantom Power Support | 24bit/192kHz High Fidelity Recording | XLR/MIC/LINE inputs | Plug & Play-No Drivers | Metal Body | Red,0,0,0.00%,0.00%,0,0,0.00%,0.00%,0.00%,0.00%,0,0,0.00%,0.00%,₹ 0.00,₹ 0.00,0,0
FBA79011,AM-C43,B0CH4RNWJX,B0CH4RNWJX,"Audio Array AM-C43 XLR to 3.5mm Professional Condenser Microphone Kit | Boom Arm, 2M Cable & Foam Filter | Compatible with Audio Interface, Mixer | Recording, Podcast, Streaming, Home Studio (Black)","5,531",68,0.68%,0.44%,"8,236",96,0.75%,0.44%,0.05%,0.00%,0,0,0.00%,0.00%,₹ 0.00,₹ 0.00,0,0
FBA79108,AM-W16,B0CM9L1QZG,B0CM9L1QZG,"Audio Array AM-W16 Solo Wireless Lapel Over Ear Mic|in-Built ANC,Plug N Play,LongBattery Life,Ultra-Low Latency,Upto 30M Range|Compatible with iPhone&Android|Vlogging,Streaming,Teaching,YouTube,Black",444,6,0.05%,0.04%,631,8,0.06%,0.04%,0.36%,0.00%,0,0,0.00%,0.00%,₹ 0.00,₹ 0.00,0,0
FBA75683,AA-03,B0B4G94VP3,B0B4G94VP3,"Audio Array AA-03 Double Layer Professional Pop Filter | Flexible 360° Free Angle Adjustable, Durable Windshield | Metal Gooseneck Stabilizing Arm Holder with 32cm Arm Length | Suitable for Recording.",539,15,0.11%,0.16%,704,17,0.10%,0.13%,0.46%,0.00%,2,0,0.37%,0.00%,₹ 857.63,₹ 0.00,2,0
FBA76414,AA-05,B0BLJVJ2GN,B0BLJVJ2GN,"Audio Array AA-05 Suspension Boom Scissor Microphone Arm Stand | Universal clamp with mic Holder & 3/8″ to 5/8″ Adapter for Shock mounts | Suitable for Stages, Studios, Broadcasting, TV Stations","2,398",81,0.48%,0.84%,"3,510",119,0.52%,0.89%,2.34%,0.00%,2,0,0.08%,0.00%,"₹ 1,089.83",₹ 0.00,2,0
FBA76864,AI-04 Red,B0BPLZ5CGV,B0BPLZ5CGV,Audio Array AI-04 2x2 Gen 3 Audio Interface | Premium Mic Pre-Amps | 48V Phantom Power Support | 24bit/192kHz High Fidelity Recording | XLR/MIC/LINE inputs | Plug & Play-No Drivers | Metal Body | Red,"4,829",92,0.97%,0.95%,"7,117",135,1.06%,1.01%,0.91%,0.00%,2,0,0.04%,0.00%,"₹ 8,289.83",₹ 0.00,2,0
FBA79009,AM-C41,B0CH4PMR8K,B0CH4PMR8K,"Audio Array AM-C41 Plug & Play AI Noise Cancellation USB Condenser Microphone | Mute Button/Echo/Volume Knob | Kit with Tripod, Mic Cover | Gaming, Streaming, Podcast | Mac/PC/Laptop/Mobile",17,1,0.00%,0.01%,38,1,0.01%,0.01%,35.14%,0.00%,2,0,11.76%,0.00%,"₹ 1,312.71",₹ 0.00,2,0
FBA79694,AA-26,B0DT6T6N6B,B0DT6T6N6B,"Audio Array AA-26 Tabletop Metal Microphone Stand | Extendable height up to 22cm | Studio Sound Recording, Streaming, Podcasting, Singing | Stylish Sturdy Metal Design to last long, flat base","2,478",114,0.50%,1.18%,"3,438",188,0.51%,1.41%,2.24%,0.91%,2,0,0.08%,0.00%,₹ 930.51,₹ 0.00,2,0
FBA75673,AM-C1,B0B4DPX2J2,B0B4DPX2J2,"Audio Array AM-C1 USB Condenser Microphone Kit | for Podcasting, Online Meeting, Gaming, Singing & Live Streaming | Boom Arm, Pop Filter, Mic Cover, Spider Shock Mount, Tripod & 2.5M USB Cable","29,054",441,5.84%,4.58%,"40,322",627,6.01%,4.71%,0.73%,0.00%,1,0,0.00%,0.00%,"₹ 2,329.66",₹ 0.00,1,0
FBA76730,AM-C27,B0BLKB6FRR,B0BLKB6FRR,"Audio Array AM-C27 XLR to TRS Cardioid Dynamic Handheld Microphone Sound for Live Events | Premium Built with 4.5M Cable | Singing, Public Meetings, Studio Recording, Live Sound, Party",46,0,0.01%,0.00%,58,0,0.01%,0.00%,56.60%,0.00%,1,0,2.17%,0.00%,"₹ 1,185.59",₹ 0.00,1,0
FBA76862,AM-C28,B0BPLWW72Y,B0BPLWW72Y,Audio Array AM-C28 USB Plug & Play Conference Microphone | Omni Directional Pickup Upto 3M | Mic Mute Button | No Drivers Condenser USB Type-C | Ideal for Meetings & Video Calling (Not a Speaker),108,9,0.02%,0.09%,150,14,0.02%,0.11%,2.08%,0.00%,1,0,0.93%,0.00%,"₹ 1,351.69",₹ 0.00,1,0
FBA77011,AM-C29,B0BPMN89NG,B0BPMN89NG,"Audio Array AM-C29 4 Pickup Pattern Professional USB Plug & Play Condenser Microphone | 3.5 mm No Latency Monitoring, Volume Control & Mute Button | For Conference, Gaming, Podcasting & Live Streaming",21,1,0.00%,0.01%,23,1,0.00%,0.01%,86.96%,0.00%,1,0,4.76%,0.00%,"₹ 1,694.07",₹ 0.00,1,0
FBA78204,AM-C31,B0C4YT43Z3,B0C4YT43Z3,"Audio Array AM-C31 USB Plug & Play Condenser Microphone Kit | Pop-Filter & Metallic Base | 3.5 mm No Latency Monitoring, Volume Control & Mute Button | for PC/Mobile, Gaming, Podcasting & Streaming",76,0,0.02%,0.00%,109,0,0.02%,0.00%,37.37%,0.00%,1,0,1.32%,0.00%,"₹ 1,694.07",₹ 0.00,1,0
FBA78205,AM-C32,B0C539RBGL,B0C539RBGL,"Audio Array AM-C32 Professional RGB USB Condenser Microphone with Tripod/Pop Filter & Shock Mount | No Latency Monitoring & Mute Button | For PC/Mobile, Gaming, Podcast, Streaming, Recording & Singing",30,1,0.01%,0.01%,34,2,0.01%,0.02%,100.00%,100.00%,1,0,3.33%,0.00%,"₹ 1,439.83",₹ 0.00,1,0
FBA79105,AI-12,B0CM6WH4ZT,B0CM6WH4ZT,"Audio Array AI-12 USB Bluetooth Soundcard | 1Ch Mixer interface | 2 mic inputs, 2 smartphone & PC/Mac outputs | Karaoke Recording, Mobile/PC Streaming, Live Broadcasting | Singing, Recording,Gaming","1,613",32,0.32%,0.33%,"2,110",43,0.31%,0.32%,11.09%,0.00%,1,0,0.06%,0.00%,"₹ 1,227.97",₹ 0.00,1,0
FBA79380,AM-C46,B0D3M1B4Z8,B0D3M1B4Z8,"Audio Array AM-C46 Professional RGB USB Condenser Microphone Kit | Noise-Cancellation, Mute, Monitoring & Volume Controls | 192kHz/24bit Studio Quality | Gaming, Streaming, Podcast | Mac/PC/Mobile","3,015",75,0.61%,0.78%,"4,111",128,0.61%,0.96%,0.24%,0.00%,1,0,0.03%,0.00%,"₹ 3,097.46",₹ 0.00,1,0
FBA79356,AA-19WL,B0D3Q2T5XX,B0D3Q2T5XX,Audio Array AA-19WL RGB Low Profile Boomarm Stand with Riser | 71cm reach & 20 RGB lighting effects & Built-In Cable Management | Matte finish with Flexible adjustments | 2Kg Weight Capacity | White,"1,047",46,0.21%,0.48%,"1,278",60,0.19%,0.45%,3.77%,0.00%,1,0,0.10%,0.00%,"₹ 4,236.44",₹ 0.00,1,0
FBA79722,AM-W21,B0F2HYY7JF,B0F2HYY7JF,"Audio Array AM-W21 Dual Wireless Lapel Mic | TFT Card Recording, Noise Cancellation & Echo | Android, iOS, DSLR Camera, Laptops | 360° Pickup, Plug n Play, 60M Working Range, 48-Hour Battery Life",10,0,0.00%,0.00%,22,0,0.00%,0.00%,16.67%,0.00%,1,0,10.00%,0.00%,"₹ 2,711.02",₹ 0.00,1,0
FBA79820,AC-3XL,B0FQJWWDVK,B0FQJWWDVK,"Audio Array AC-3XL Mic Cable 6.35mm Jack Male to XLR 3PIN Female Cord Wire | Microphone/Guitar Cable | Black, 1pc Pack (3 Meter/10 Feet)",96,7,0.02%,0.07%,131,7,0.02%,0.05%,3.94%,20.00%,1,0,1.04%,0.00%,₹ 380.51,₹ 0.00,1,0
FBA75684,AA-04,B0B4G7VWXD,B0B4G7VWXD,"Audio Array AA-04 Metal Spider Shock Mount for Condenser Microphone | Anti Vibration, Suspension, Isolation | 4 Size Bottom Screws & Extra Replacement Elastic Bands | Recommended For Rode, Samson, etc",803,27,0.16%,0.28%,"1,240",43,0.18%,0.32%,0.91%,0.00%,0,0,0.00%,0.00%,₹ 0.00,₹ 0.00,0,0
FBA75675,AM-C3,B0B4G8ZB64,B0B4G8ZB64,"Audio Array AM-C3 XLR to TRS Dynamic Handheld Karaoke Microphone | Premium Metal Built with 3M Cable | Singing, Public Meetings, Studio Recording, Live Show, Party, Church, Wedding",141,0,0.03%,0.00%,210,0,0.03%,0.00%,3.47%,0.00%,0,0,0.00%,0.00%,₹ 0.00,₹ 0.00,0,0
FBA75679,AA-02,B0B4JRQP22,B0B4JRQP22,"Audio Array AA-02 3-Panel Curved Isolation Shield with Insulation, Absorption & Reflection Filter | 3/8"" and 5/8"" Universal Mic Mount for Recording Studio, Podcasts, Singing & Broadcasting","1,946",43,0.39%,0.45%,"2,442",54,0.36%,0.41%,0.23%,0.00%,0,0,0.00%,0.00%,₹ 0.00,₹ 0.00,0,0
FBA75690,AM-C10,B0B4K87PR4,B0B4K87PR4,Audio Array AM-C10 USB Plug & Play Conference Microphone with Speaker | Omni Directional Pickup Upto 4M | Speaker and Mic Mute Buttons | Volume Control & Mute Button | Ideal for Meeting & Video Call,669,37,0.13%,0.38%,890,44,0.13%,0.33%,2.99%,0.00%,0,0,0.00%,0.00%,₹ 0.00,₹ 0.00,0,0
FBA75677,AM-C5,B0B4KC7VBM,B0B4KC7VBM,"Audio Array AM-C5 USB Plug & Play Conference Mic for Mac OS & Windows | Conference, Recording, Skype, Online Class with Range Upto 5M | One Touch Mute Button & Light Indicator (NOT A Speaker)",257,21,0.05%,0.22%,336,34,0.05%,0.26%,0.00%,0.00%,0,0,0.00%,0.00%,₹ 0.00,₹ 0.00,0,0
FBA76723,AM-C20,B0BLKF46QG,B0BLKF46QG,"Audio Array AM-C20 USB Microphone | Unique Tilt Stand & one Touch Mute | Plug n Play, No Latency Cardioid Pickup | for PC, Smartphones, iOS | Gaming, Streaming, Podcasts, Twitch, YouTube, Discord",492,10,0.10%,0.10%,682,11,0.10%,0.08%,7.76%,0.00%,0,0,0.00%,0.00%,₹ 0.00,₹ 0.00,0,0
FBA76597,AA-06,B0BQ7H7418,B0BQ7H7418,"Audio Array AA-06 Microphone Boom Arm with 35cm+35cm=70cm Adjustable Suspension Scissor Arm Stand, Shock Mount, Base Clamp, Pop-Filter, 3/8"" to 5/8"" Universal Screw Adapter, 4x Cable Ties",152,3,0.03%,0.03%,212,3,0.03%,0.02%,1.04%,0.00%,0,0,0.00%,0.00%,₹ 0.00,₹ 0.00,0,0
FBA78206,AM-W15,B0C4YSV3XL,B0C4YSV3XL,Audio Array AM-W15 Dual Wireless Mic with Charging Case | Upto 16hr Battery Backup & 100m Range | Active Noise Cancellation | Informative LCD Screen | BIS & WPC Certified | 2 Yr Warranty,48,0,0.01%,0.00%,77,0,0.01%,0.00%,85.71%,0.00%,0,0,0.00%,0.00%,₹ 0.00,₹ 0.00,0,0
FBA78423,AM-C36,B0C598Q6PT,B0C598Q6PT,"Audio Array AM-C36 Lapel Microphone | 1M Long & Strong Cable | 3.5mm TRRS| 3.5mm TRRS Port, TRRS to TRS & TRRS to USB Type C adapters | Omnidirectional Pickup | Mic Cover & Leather Bag Included",13,0,0.00%,0.00%,14,0,0.00%,0.00%,100.00%,0.00%,0,0,0.00%,0.00%,₹ 0.00,₹ 0.00,0,0
FBA78976,AA-22,B0CF5SHL15,B0CF5SHL15,"Audio Array AA-22 Desktop Mount Speaker Stands | 15KG Capacity | Height, Tilt & Rotation Adjustable | Smart Cable Management | for Sound Editing, Gaming, Music Production | Red (Set of 2)",401,8,0.08%,0.08%,508,10,0.08%,0.08%,0.00%,0.00%,0,0,0.00%,0.00%,₹ 0.00,₹ 0.00,0,0
FBA78975,AA-21,B0CF5TCQKL,B0CF5TCQKL,"Audio Array AA-21 Desktop Mount Speaker Stands | 15KG Capacity | Height, Tilt & Rotation Adjustable | Smart Cable Management | for Sound Editing, Gaming, Music Production | Black (Set of 2)",585,16,0.12%,0.17%,778,21,0.12%,0.16%,0.75%,0.00%,0,0,0.00%,0.00%,₹ 0.00,₹ 0.00,0,0
FBA79016,AM-C3a,B0CH4R1V6S,B0CH4R1V6S,"Audio Array AM-C3a Unidirectional Dynamic Handheld Karaoke Microphone | 20Hz - 20kHz Response | Karaoke Singing, Public Meetings, Studio Recording, Live Sound, Party (no Cable Included)","1,617",34,0.33%,0.35%,"2,218",48,0.33%,0.36%,0.31%,0.00%,0,0,0.00%,0.00%,₹ 0.00,₹ 0.00,0,0
FBA79011,AM-C43,B0CH4RNWJX,B0CH4RNWJX,"Audio Array AM-C43 XLR to 3.5mm Professional Condenser Microphone Kit | Boom Arm, 2M Cable & Foam Filter | Compatible with Audio Interface, Mixer | Recording, Podcast, Streaming, Home Studio (Black)",913,7,0.18%,0.07%,"1,349",9,0.20%,0.07%,0.16%,0.00%,0,0,0.00%,0.00%,₹ 0.00,₹ 0.00,0,0
FBA79005,AM-W45,B0CKHVHVQ1,B0CKHVHVQ1,"Audio Array AM-W45 Wireless Conference Microphone with Speaker | Bluetooth, USB & 4 Mics | 360° Pickup Upto 4M | Noise Reduction & Enhanced Voice | Portable Speakerphone for Video Calls/Zoom Meeting","2,441",217,0.49%,2.25%,"3,306",292,0.49%,2.20%,2.13%,0.00%,0,0,0.00%,0.00%,₹ 0.00,₹ 0.00,0,0
FBA79103,AI-10,B0CM6NTWBP,B0CM6NTWBP,"Audio Array AI-10 Professional Live Soundcard|1Ch Mixer |Bluetooth | 3 Condenser Mic Inputs, 2 mobilephones & PC/Mac Outputs | +48V phantom power, 4 Voice Modes, Denoise, built-in FX | Gaming, Karaoke","1,049",17,0.21%,0.18%,"1,599",23,0.24%,0.17%,0.00%,0.00%,0,0,0.00%,0.00%,₹ 0.00,₹ 0.00,0,0
FBA79104,AI-11,B0CM6NVLT9,B0CM6NVLT9,"Audio Array AI-11 USB Bluetooth Soundcard, 1Ch Mixer, Audio Interface | 2 Condenser In, 2 Out |2 Live Out+1 Accompany In | OTG for mobile and PC/MAC | Effects | Streaming, Podcasting, Gaming, Singing",965,14,0.19%,0.15%,"1,396",25,0.21%,0.19%,4.57%,0.00%,0,0,0.00%,0.00%,₹ 0.00,₹ 0.00,0,0
FBA79109,AM-W18,B0CM9HYVDM,B0CM9HYVDM,"Audio Array AM-W18 Wireless Karaoke Speaker with Microphone | Portable Bluetooth Speaker for Singing & Gifting with Voice Changer | Upto 8+ Hours of Playback | Bluetooth v5.3, SD Card & AUX in (Pink)","3,444",65,0.69%,0.67%,"4,986",96,0.74%,0.72%,0.26%,0.00%,0,0,0.00%,0.00%,₹ 0.00,₹ 0.00,0,0
FBA79106,AM-C44,B0CM9KJZWQ,B0CM9KJZWQ,"Audio Array AM-C44 XLR/USB Professional Dynamic Podcast Microphone | Built-in Monitoring | One Touch Mute & Volume Control | 192kHz/24bit Full Metal Build | 2M XLR & USB Cable | Streaming, Podcasting","1,237",32,0.25%,0.33%,"1,731",36,0.26%,0.27%,0.19%,0.00%,0,0,0.00%,0.00%,₹ 0.00,₹ 0.00,0,0
FBA79108,AM-W16,B0CM9L1QZG,B0CM9L1QZG,"Audio Array AM-W16 Solo Wireless Lapel Over Ear Mic|in-Built ANC,Plug N Play,LongBattery Life,Ultra-Low Latency,Upto 30M Range|Compatible with iPhone&Android|Vlogging,Streaming,Teaching,YouTube,Black",324,4,0.07%,0.04%,466,6,0.07%,0.05%,0.00%,0.00%,0,0,0.00%,0.00%,₹ 0.00,₹ 0.00,0,0
FBA79107,AM-W17,B0CM9P5CCK,B0CM9P5CCK,"Audio Array AM-W17 Dual Wireless Lapel Mic|in-Built ANC, Plug N Play,Long Battery Life, Ultra-Low Latency,Upto 30M Range|Compatible with iPhone & Android|Vlogging, Streaming, Teaching,YouTube, Black",162,4,0.03%,0.04%,214,5,0.03%,0.04%,12.18%,0.00%,0,0,0.00%,0.00%,₹ 0.00,₹ 0.00,0,0
FBA79379,AM-C45,B0D3LZWTHV,B0D3LZWTHV,"Audio Array AM-C45 XLR/USB Professional RGB Dynamic Podcast Microphone | Built-in Monitoring | One Touch Mute Volume & Noise-Cancellation | 2M USB Cable & Metal Base | Streaming, Podcasting, Singing",442,7,0.09%,0.07%,570,7,0.08%,0.05%,0.00%,0.00%,0,0,0.00%,0.00%,₹ 0.00,₹ 0.00,0,0
FBA79448,AM-W35,B0DFMKY4TT,B0DFMKY4TT,"Audio Array AM-W35 UHF Dual Wireless Premium Karaoke Microphones | 800mah 5-6 Hours Battery Backup | Range up to 50M | Karaoke Singing, Wedding, DJ, Church | PA System, Amplifier, Mixer, Party Box","2,579",26,0.52%,0.27%,"3,247",27,0.48%,0.20%,3.40%,0.00%,0,0,0.00%,0.00%,₹ 0.00,₹ 0.00,0,0
FBA79444,AM-W20,B0DFMLQBMC,B0DFMLQBMC,"Audio Array AM-W20 Magnetic Wireless Lapel Microphone Set | One Touch Smart Noise Reduction | 48KHz/24Bit Hi-fi Recording | 50M Range | 800mAh 48Hrs Long Battery Backup | Vlogging, Podcast, Streaming",44,3,0.01%,0.03%,52,3,0.01%,0.02%,58.82%,33.33%,0,0,0.00%,0.00%,₹ 0.00,₹ 0.00,0,0
FBA79447,AM-W34,B0DFMLXD9S,B0DFMLXD9S,"Audio Array AM-W34 UHF Dual Wireless Premium Metal Microphones | 800mAh 6-8 Hours Receiver Battery Backup | Range up to 50M | Karaoke Singing, Wedding, Church | PA System, Amplifier, Mixer, Party Box",613,32,0.12%,0.33%,773,50,0.12%,0.38%,10.56%,0.00%,0,0,0.00%,0.00%,₹ 0.00,₹ 0.00,0,0
FBA79449,AM-W36,B0DFMNGFTD,B0DFMNGFTD,"Audio Array AM-W36 UHF Dual Wireless Premium Metal Microphone with Charging | 2X XLR Outs & 1/4"" Mix Out | 328ft/100M Range | Karaoke Singing, Wedding, Events | PA System, Amplifier, Mixer, Party Box",751,16,0.15%,0.17%,"1,000",17,0.15%,0.13%,2.29%,0.00%,0,0,0.00%,0.00%,₹ 0.00,₹ 0.00,0,0
FBA79815,AM-W19,B0FPR7VFCH,B0FPR7VFCH,"Audio Array AM-W19 Wireless Lavalier Microphone|192kHz/24bit |AI Noise Cancellation for iPhone/Android, 32h Charging Case, Plug & Play for Vlogging, Streaming, Meetings, Video Recording",240,4,0.05%,0.04%,302,6,0.04%,0.05%,7.01%,0.00%,0,0,0.00%,0.00%,₹ 0.00,₹ 0.00,0,0
FBA79816,AM-W22,B0FPR962YS,B0FPR962YS,"Audio Array AM-W22 | Latest 2026 Edition Wireless Microphone for Camera/iPhone/Android/iPad/Laptop, Lav Mic with Charging Case, AI Noise Reduction, 50H Battery, 230ft Range, for Recording, YouTube","1,727",66,0.35%,0.69%,"2,497",97,0.37%,0.73%,0.27%,0.00%,0,0,0.00%,0.00%,₹ 0.00,₹ 0.00,0,0
